{"stats":{"minecraft:used":{"minecraft:wheat_seeds":26,"minecraft:cooked_mutton":8,"minecraft:water_bucket":2,"minecraft:diorite":6,"minecraft:stone_pickaxe":112,"minecraft:stone_shovel":292,"minecraft:chest":1,"minecraft:wooden_pickaxe":22,"minecraft:birch_boat":5,"minecraft:composter":4,"minecraft:rotten_flesh":1,"minecraft:torch":11,"minecraft:dirt":30,"minecraft:sand":1,"minecraft:blast_furnace":1,"minecraft:mushroom_stew":11,"minecraft:carrot":9,"minecraft:crafting_table":4,"minecraft:white_bed":10,"minecraft:glass":105,"minecraft:dark_oak_planks":44,"minecraft:wooden_hoe":64,"minecraft:dark_oak_log":2,"minecraft:iron_pickaxe":71,"minecraft:iron_axe":72,"minecraft:birch_slab":1,"minecraft:dark_oak_slab":4,"minecraft:iron_helmet":1,"minecraft:stone_axe":195,"minecraft:cobblestone":50,"minecraft:furnace":4,"minecraft:andesite":9,"minecraft:bucket":2,"minecraft:yellow_bed":5,"minecraft:cooked_beef":6,"minecraft:potato":9,"minecraft:dandelion":1,"minecraft:iron_leggings":1},"minecraft:custom":{"minecraft:interact_with_furnace":40,"minecraft:mob_kills":66,"minecraft:interact_with_crafting_table":38,"minecraft:bell_ring":46,"minecraft:interact_with_grindstone":1,"minecraft:leave_game":7,"minecraft:time_since_death":151001,"minecraft:sleep_in_bed":16,"minecraft:time_since_rest":3980,"minecraft:sprint_one_cm":358985,"minecraft:damage_taken":1106,"minecraft:walk_one_cm":154209,"minecraft:damage_dealt":6812,"minecraft:swim_one_cm":33205,"minecraft:talked_to_villager":4,"minecraft:fly_one_cm":639164,"minecraft:open_chest":57,"minecraft:crouch_one_cm":28210,"minecraft:play_time":151001,"tombstone:undead_killed":1,"minecraft:sneak_time":8082,"minecraft:walk_under_water_one_cm":4589,"minecraft:boat_one_cm":875110,"minecraft:jump":2881,"minecraft:interact_with_blast_furnace":9,"minecraft:walk_on_water_one_cm":13967,"minecraft:total_world_time":151001,"minecraft:interact_with_smoker":5,"minecraft:fall_one_cm":97001},"minecraft:killed":{"minecraft:pig":14,"minecraft:spider":1,"minecraft:creeper":2,"minecraft:sheep":15,"minecraft:skeleton":2,"minecraft:zombie":5,"minecraft:chicken":8,"minecraft:drowned":1,"minecraft:cow":15},"minecraft:crafted":{"minecraft:cooked_beef":8,"minecraft:oak_slab":6,"minecraft:oak_planks":8,"minecraft:stone_shovel":3,"minecraft:crafting_table":2,"minecraft:birch_boat":1,"minecraft:wooden_pickaxe":1,"minecraft:iron_helmet":1,"minecraft:bowl":4,"minecraft:furnace":3,"minecraft:mushroom_stew":11,"minecraft:bucket":1,"minecraft:birch_planks":32,"minecraft:stone_axe":2,"minecraft:cooked_mutton":18,"minecraft:air":0,"minecraft:glass":56,"minecraft:dark_oak_slab":30,"minecraft:wooden_hoe":1,"minecraft:iron_boots":1,"minecraft:shield":1,"minecraft:iron_axe":1,"minecraft:stick":24,"minecraft:iron_ingot":3,"minecraft:stone_pickaxe":1,"minecraft:chest":1,"minecraft:composter":4,"minecraft:torch":16,"minecraft:dark_oak_planks":72},"minecraft:picked_up":{"minecraft:birch_log":8,"minecraft:crafting_table":2,"minecraft:wheat":9,"minecraft:feather":5,"minecraft:chicken":7,"minecraft:birch_slab":1,"minecraft:andesite":9,"minecraft:leather":14,"minecraft:brown_mushroom":11,"minecraft:red_mushroom":11,"minecraft:potato":9,"minecraft:oak_log":47,"minecraft:yellow_bed":5,"minecraft:gunpowder":2,"minecraft:dirt":199,"minecraft:string":2,"minecraft:glass":56,"minecraft:bone":1,"minecraft:bow":1,"minecraft:wheat_seeds":31,"minecraft:iron_ingot":3,"minecraft:beef":27,"minecraft:stripped_oak_wood":1,"minecraft:light_gray_wool":1,"minecraft:sugar_cane":26,"minecraft:furnace":1,"minecraft:egg":1,"minecraft:stick":1,"minecraft:raw_iron":3,"minecraft:birch_boat":5,"minecraft:oak_fence":3,"minecraft:torch":4,"minecraft:dandelion":1,"minecraft:poisonous_potato":1,"minecraft:porkchop":28,"minecraft:sand":130,"minecraft:pointed_dripstone":15,"minecraft:diorite":6,"minecraft:white_bed":9,"minecraft:carrot":39,"minecraft:dark_oak_log":33,"minecraft:rotten_flesh":4,"minecraft:granite":2,"minecraft:oak_sapling":2,"minecraft:black_wool":1,"minecraft:mutton":22,"minecraft:coal":30,"minecraft:white_wool":13,"minecraft:cobblestone":240},"minecraft:mined":{"minecraft:white_bed":9,"minecraft:dark_oak_leaves":3,"minecraft:dark_oak_log":33,"minecraft:oak_fence":3,"minecraft:crafting_table":2,"minecraft:granite":2,"minecraft:grass_block":135,"minecraft:mushroom_stem":8,"minecraft:brown_mushroom_block":45,"minecraft:glass":1,"minecraft:cobblestone":18,"minecraft:birch_slab":1,"minecraft:sugar_cane":16,"minecraft:diorite":6,"minecraft:carrots":25,"minecraft:furnace":1,"minecraft:birch_log":8,"minecraft:iron_ore":3,"minecraft:wheat":10,"minecraft:birch_leaves":2,"minecraft:andesite":9,"minecraft:stripped_oak_wood":1,"minecraft:yellow_bed":5,"minecraft:grass":23,"minecraft:oak_log":47,"minecraft:potatoes":4,"minecraft:pointed_dripstone":16,"minecraft:coal_ore":30,"minecraft:dirt_path":26,"minecraft:sand":129,"minecraft:dirt":38,"minecraft:red_mushroom_block":35,"minecraft:stone":94,"minecraft:oak_leaves":17},"minecraft:broken":{"minecraft:stone_axe":2,"minecraft:wooden_hoe":1,"minecraft:stone_shovel":2}},"DataVersion":3465}