{"stats":{"minecraft:used":{"minecraft:stone_shovel":292,"minecraft:chest":2,"minecraft:shield":8,"minecraft:iron_sword":28,"minecraft:stone_hoe":24,"minecraft:rotten_flesh":1,"minecraft:torch":120,"minecraft:dirt":80,"minecraft:carrot":51,"minecraft:glass":105,"minecraft:dark_oak_planks":44,"minecraft:iron_axe":169,"minecraft:iron_helmet":1,"minecraft:dark_oak_slab":4,"minecraft:furnace":5,"tombstone:gift":3,"minecraft:cooked_beef":6,"minecraft:potato":11,"minecraft:iron_leggings":1,"minecraft:wheat_seeds":36,"minecraft:cooked_mutton":18,"minecraft:water_bucket":23,"minecraft:diorite":6,"minecraft:stone_pickaxe":172,"minecraft:wooden_pickaxe":22,"minecraft:birch_boat":5,"minecraft:composter":4,"minecraft:sand":1,"minecraft:blast_furnace":1,"minecraft:mushroom_stew":11,"minecraft:crafting_table":7,"minecraft:white_bed":11,"minecraft:dripstone_block":1,"tombstone:bag_of_seeds":1,"minecraft:wooden_hoe":64,"minecraft:diamond_pickaxe":385,"minecraft:dark_oak_log":2,"minecraft:iron_pickaxe":258,"minecraft:bread":3,"minecraft:birch_slab":1,"minecraft:brown_wool":1,"minecraft:stone_axe":195,"minecraft:cobblestone":50,"minecraft:andesite":9,"minecraft:bucket":24,"minecraft:yellow_bed":5,"minecraft:dandelion":1,"minecraft:gray_wool":1},"minecraft:killed_by":{"minecraft:creeper":1},"minecraft:custom":{"minecraft:mob_kills":94,"minecraft:interact_with_crafting_table":47,"minecraft:bell_ring":46,"minecraft:leave_game":9,"minecraft:time_since_death":48189,"minecraft:sprint_one_cm":495342,"minecraft:walk_one_cm":229959,"minecraft:damage_blocked_by_shield":405,"minecraft:drop":15,"minecraft:talked_to_villager":5,"minecraft:play_time":203402,"minecraft:sneak_time":12553,"minecraft:deaths":1,"minecraft:walk_under_water_one_cm":13347,"minecraft:boat_one_cm":875110,"minecraft:jump":4034,"minecraft:interact_with_blast_furnace":13,"minecraft:walk_on_water_one_cm":21261,"minecraft:total_world_time":203402,"minecraft:interact_with_furnace":52,"minecraft:interact_with_grindstone":1,"minecraft:sleep_in_bed":17,"minecraft:time_since_rest":9902,"minecraft:damage_taken":2386,"minecraft:damage_dealt":10750,"minecraft:swim_one_cm":51772,"minecraft:fly_one_cm":866632,"minecraft:open_chest":67,"minecraft:crouch_one_cm":40087,"tombstone:undead_killed":14,"minecraft:interact_with_smoker":5,"minecraft:fall_one_cm":132943},"minecraft:killed":{"minecraft:spider":3,"minecraft:skeleton":3,"minecraft:chicken":11,"minecraft:drowned":1,"minecraft:pig":16,"minecraft:creeper":2,"minecraft:sheep":21,"minecraft:zombie":17,"minecraft:cow":16},"minecraft:crafted":{"minecraft:oak_planks":36,"minecraft:stone_shovel":3,"minecraft:birch_boat":1,"minecraft:furnace":4,"minecraft:mushroom_stew":11,"minecraft:cooked_mutton":18,"minecraft:glass":56,"minecraft:iron_boots":1,"minecraft:iron_axe":1,"minecraft:stone_pickaxe":2,"minecraft:chest":2,"minecraft:dark_oak_planks":72,"minecraft:stone_hoe":1,"minecraft:cooked_beef":8,"minecraft:oak_slab":6,"minecraft:crafting_table":4,"minecraft:wooden_pickaxe":1,"minecraft:iron_helmet":1,"minecraft:iron_sword":1,"minecraft:bowl":4,"minecraft:birch_planks":32,"minecraft:bucket":1,"minecraft:stone_axe":2,"minecraft:bread":3,"minecraft:air":0,"minecraft:dark_oak_slab":30,"minecraft:wooden_hoe":1,"minecraft:diamond_pickaxe":1,"minecraft:shield":1,"minecraft:stick":48,"minecraft:iron_ingot":11,"minecraft:iron_pickaxe":1,"minecraft:composter":4,"minecraft:torch":112},"minecraft:dropped":{"minecraft:stone_hoe":1,"minecraft:wheat_seeds":2,"minecraft:brown_wool":1,"minecraft:string":1,"minecraft:bone":1,"minecraft:wheat":4,"minecraft:stone_shovel":1,"minecraft:oak_planks":2,"minecraft:pumpkin_seeds":5,"minecraft:gunpowder":2,"minecraft:spider_eye":1,"minecraft:stone_pickaxe":2},"minecraft:picked_up":{"minecraft:crafting_table":3,"minecraft:wheat":13,"minecraft:chicken":10,"minecraft:brown_mushroom":11,"minecraft:string":3,"minecraft:cobbled_deepslate":145,"minecraft:beef":29,"minecraft:light_gray_wool":1,"minecraft:sugar_cane":26,"minecraft:furnace":2,"minecraft:egg":2,"minecraft:stick":3,"minecraft:raw_iron":41,"minecraft:oak_fence":3,"minecraft:torch":7,"minecraft:porkchop":32,"minecraft:pointed_dripstone":15,"minecraft:diorite":6,"minecraft:carrot":46,"minecraft:redstone":28,"minecraft:rotten_flesh":17,"tombstone:essence_of_undeath":1,"minecraft:mutton":31,"minecraft:white_wool":18,"minecraft:cobblestone":532,"minecraft:birch_log":8,"minecraft:feather":9,"minecraft:birch_slab":1,"minecraft:andesite":18,"minecraft:brown_wool":2,"minecraft:leather":16,"minecraft:red_mushroom":11,"minecraft:potato":17,"minecraft:oak_log":112,"minecraft:yellow_bed":5,"minecraft:gunpowder":6,"minecraft:dirt":222,"minecraft:lapis_lazuli":24,"minecraft:glass":56,"minecraft:bone":2,"minecraft:bow":1,"minecraft:wheat_seeds":44,"minecraft:raw_gold":13,"minecraft:stone_pickaxe":1,"minecraft:iron_ingot":3,"minecraft:stripped_oak_wood":1,"tombstone:bag_of_seeds":1,"minecraft:oak_planks":1,"minecraft:birch_boat":5,"minecraft:dandelion":1,"minecraft:poisonous_potato":1,"minecraft:dripstone_block":1,"minecraft:sand":130,"minecraft:white_bed":10,"minecraft:dark_oak_log":33,"minecraft:spider_eye":1,"minecraft:bundle":1,"minecraft:diamond":67,"minecraft:granite":2,"minecraft:gray_wool":1,"minecraft:oak_sapling":2,"minecraft:black_wool":1,"minecraft:coal":84},"minecraft:mined":{"minecraft:diamond_ore":20,"minecraft:tuff":10,"minecraft:white_bed":10,"minecraft:dark_oak_leaves":3,"minecraft:deepslate_diamond_ore":47,"minecraft:dark_oak_log":33,"minecraft:granite":2,"minecraft:grass_block":138,"minecraft:brown_mushroom_block":45,"minecraft:birch_slab":1,"minecraft:furnace":2,"minecraft:carrots":27,"minecraft:iron_ore":37,"minecraft:andesite":9,"minecraft:deepslate_lapis_ore":4,"minecraft:pointed_dripstone":16,"minecraft:potatoes":6,"minecraft:deepslate_iron_ore":4,"minecraft:dirt_path":26,"minecraft:stone":376,"minecraft:deepslate_redstone_ore":6,"minecraft:oak_fence":3,"minecraft:crafting_table":3,"minecraft:torch":1,"minecraft:mushroom_stem":8,"minecraft:glass":1,"minecraft:tall_grass":1,"minecraft:copper_ore":1,"minecraft:cobblestone":19,"minecraft:deepslate_gold_ore":8,"minecraft:sugar_cane":16,"minecraft:diorite":14,"minecraft:wall_torch":1,"minecraft:birch_log":8,"minecraft:wheat":14,"minecraft:birch_leaves":2,"minecraft:stripped_oak_wood":1,"minecraft:yellow_bed":5,"minecraft:grass":29,"minecraft:oak_log":112,"minecraft:coal_ore":83,"minecraft:dripstone_block":1,"minecraft:sand":129,"minecraft:dirt":55,"minecraft:red_mushroom_block":35,"minecraft:gold_ore":6,"minecraft:oak_leaves":25,"minecraft:deepslate":145},"minecraft:broken":{"minecraft:stone_axe":2,"minecraft:iron_pickaxe":1,"minecraft:wooden_hoe":1,"minecraft:stone_shovel":2}},"DataVersion":3465}