{"stats":{"minecraft:mined":{"minecraft:white_bed":1,"minecraft:dark_oak_leaves":3,"minecraft:dark_oak_log":33,"minecraft:crafting_table":2,"minecraft:granite":2,"minecraft:grass_block":3,"minecraft:mushroom_stem":8,"minecraft:brown_mushroom_block":45,"minecraft:cobblestone":9,"minecraft:birch_slab":1,"minecraft:sugar_cane":16,"minecraft:diorite":6,"minecraft:birch_log":8,"minecraft:iron_ore":3,"minecraft:andesite":9,"minecraft:birch_leaves":2,"minecraft:grass":1,"minecraft:coal_ore":30,"minecraft:dirt_path":1,"minecraft:dirt":23,"minecraft:red_mushroom_block":35,"minecraft:stone":50,"minecraft:oak_leaves":7},"minecraft:custom":{"minecraft:interact_with_furnace":7,"minecraft:mob_kills":55,"minecraft:interact_with_crafting_table":18,"minecraft:leave_game":3,"minecraft:time_since_death":91685,"minecraft:sleep_in_bed":10,"minecraft:time_since_rest":3251,"minecraft:sprint_one_cm":205601,"minecraft:damage_taken":900,"minecraft:walk_one_cm":60933,"minecraft:damage_dealt":5624,"minecraft:swim_one_cm":31392,"minecraft:talked_to_villager":2,"minecraft:fly_one_cm":378477,"minecraft:open_chest":30,"minecraft:crouch_one_cm":6496,"minecraft:play_time":91685,"minecraft:sneak_time":3292,"minecraft:walk_under_water_one_cm":4313,"minecraft:boat_one_cm":875110,"minecraft:jump":1683,"minecraft:interact_with_blast_furnace":4,"minecraft:walk_on_water_one_cm":6899,"minecraft:total_world_time":91685,"minecraft:interact_with_smoker":5,"minecraft:fall_one_cm":55465},"minecraft:picked_up":{"minecraft:birch_log":8,"minecraft:crafting_table":2,"minecraft:feather":5,"minecraft:chicken":7,"minecraft:birch_slab":1,"minecraft:andesite":9,"minecraft:leather":14,"minecraft:brown_mushroom":11,"minecraft:red_mushroom":11,"minecraft:gunpowder":2,"minecraft:string":2,"minecraft:dirt":27,"minecraft:bone":1,"minecraft:bow":1,"minecraft:beef":27,"minecraft:light_gray_wool":1,"minecraft:sugar_cane":26,"minecraft:egg":1,"minecraft:raw_iron":3,"minecraft:birch_boat":5,"minecraft:porkchop":17,"minecraft:diorite":6,"minecraft:white_bed":1,"minecraft:dark_oak_log":33,"minecraft:rotten_flesh":3,"minecraft:granite":2,"minecraft:black_wool":1,"minecraft:mutton":22,"minecraft:coal":30,"minecraft:white_wool":13,"minecraft:cobblestone":187},"minecraft:killed":{"minecraft:pig":8,"minecraft:spider":1,"minecraft:creeper":1,"minecraft:sheep":15,"minecraft:skeleton":2,"minecraft:zombie":4,"minecraft:chicken":8,"minecraft:drowned":1,"minecraft:cow":15},"minecraft:used":{"minecraft:diorite":6,"minecraft:stone_pickaxe":112,"minecraft:chest":1,"minecraft:wooden_pickaxe":22,"minecraft:birch_boat":5,"minecraft:rotten_flesh":1,"minecraft:torch":3,"minecraft:dirt":20,"minecraft:crafting_table":4,"minecraft:mushroom_stew":11,"minecraft:blast_furnace":1,"minecraft:white_bed":1,"minecraft:dark_oak_log":2,"minecraft:birch_slab":1,"minecraft:stone_axe":195,"minecraft:cobblestone":1,"minecraft:furnace":1,"minecraft:andesite":9,"minecraft:cooked_beef":6,"minecraft:iron_leggings":1},"minecraft:broken":{"minecraft:stone_axe":2},"minecraft:crafted":{"minecraft:cooked_beef":8,"minecraft:crafting_table":2,"minecraft:birch_boat":1,"minecraft:wooden_pickaxe":1,"minecraft:bowl":4,"minecraft:furnace":1,"minecraft:mushroom_stew":11,"minecraft:birch_planks":32,"minecraft:stone_axe":2,"minecraft:cooked_mutton":18,"minecraft:air":0,"minecraft:shield":1,"minecraft:iron_axe":1,"minecraft:stick":16,"minecraft:iron_ingot":3,"minecraft:stone_pickaxe":1,"minecraft:chest":1,"minecraft:dark_oak_planks":12,"minecraft:torch":16}},"DataVersion":3465}