{"stats":{"minecraft:used":{"minecraft:stone_shovel":292,"minecraft:chest":4,"minecraft:shield":18,"minecraft:iron_sword":84,"minecraft:cooked_chicken":1,"minecraft:stone_hoe":24,"minecraft:rotten_flesh":1,"minecraft:torch":124,"minecraft:dirt":89,"minecraft:carrot":51,"minecraft:glass":105,"minecraft:dark_oak_planks":44,"minecraft:iron_axe":188,"minecraft:iron_helmet":1,"minecraft:dark_oak_slab":8,"minecraft:bow":6,"minecraft:furnace":8,"minecraft:minecart":3,"tombstone:gift":3,"minecraft:cooked_beef":7,"minecraft:potato":11,"minecraft:iron_leggings":1,"minecraft:wheat_seeds":36,"minecraft:cooked_mutton":20,"minecraft:water_bucket":23,"minecraft:diorite":6,"minecraft:stone_pickaxe":172,"minecraft:oak_planks":49,"minecraft:wooden_pickaxe":22,"minecraft:birch_boat":5,"minecraft:composter":4,"minecraft:fletching_table":4,"minecraft:sand":1,"minecraft:rail":40,"minecraft:blast_furnace":1,"minecraft:mushroom_stew":11,"minecraft:crafting_table":7,"minecraft:white_bed":19,"minecraft:dripstone_block":1,"minecraft:oak_log":3,"tombstone:bag_of_seeds":1,"minecraft:wooden_hoe":64,"minecraft:diamond_pickaxe":403,"minecraft:dark_oak_log":2,"minecraft:iron_pickaxe":258,"minecraft:bread":3,"minecraft:birch_slab":1,"minecraft:brown_wool":1,"minecraft:gravel":9,"minecraft:stone_axe":195,"minecraft:cobblestone":50,"minecraft:cooked_porkchop":4,"minecraft:andesite":9,"minecraft:bucket":24,"minecraft:yellow_bed":5,"minecraft:dandelion":1,"minecraft:gray_wool":1},"minecraft:killed_by":{"minecraft:creeper":1},"minecraft:custom":{"minecraft:mob_kills":120,"minecraft:interact_with_crafting_table":58,"minecraft:bell_ring":46,"minecraft:leave_game":9,"minecraft:time_since_death":78189,"minecraft:sprint_one_cm":591366,"minecraft:walk_one_cm":290425,"minecraft:damage_blocked_by_shield":930,"minecraft:drop":17,"minecraft:talked_to_villager":15,"minecraft:play_time":233402,"minecraft:sneak_time":13783,"minecraft:deaths":1,"minecraft:walk_under_water_one_cm":13347,"minecraft:boat_one_cm":875110,"minecraft:jump":4795,"minecraft:interact_with_blast_furnace":16,"minecraft:walk_on_water_one_cm":21261,"minecraft:total_world_time":233402,"minecraft:interact_with_furnace":63,"minecraft:traded_with_villager":12,"minecraft:interact_with_grindstone":1,"minecraft:sleep_in_bed":17,"minecraft:time_since_rest":39902,"minecraft:damage_taken":2852,"minecraft:damage_dealt":13454,"minecraft:swim_one_cm":51772,"minecraft:fly_one_cm":1046469,"minecraft:open_chest":94,"minecraft:crouch_one_cm":44101,"tombstone:undead_killed":22,"minecraft:interact_with_smoker":5,"minecraft:fall_one_cm":154208},"minecraft:killed":{"minecraft:spider":3,"minecraft:skeleton":10,"minecraft:chicken":16,"minecraft:drowned":1,"minecraft:pig":27,"minecraft:creeper":2,"minecraft:sheep":22,"minecraft:zombie":18,"minecraft:cow":16},"minecraft:crafted":{"minecraft:oak_planks":452,"minecraft:stone_shovel":3,"minecraft:birch_boat":1,"minecraft:cooked_chicken":1,"minecraft:furnace":4,"minecraft:mushroom_stew":11,"minecraft:cooked_mutton":23,"minecraft:glass":56,"minecraft:iron_boots":1,"minecraft:iron_axe":1,"minecraft:stone_pickaxe":2,"minecraft:chest":4,"minecraft:rail":32,"minecraft:dark_oak_planks":72,"minecraft:stone_hoe":1,"minecraft:minecart":1,"minecraft:cooked_beef":10,"minecraft:oak_slab":6,"minecraft:emerald":12,"minecraft:cooked_porkchop":4,"minecraft:crafting_table":4,"minecraft:wooden_pickaxe":1,"minecraft:iron_helmet":1,"minecraft:iron_sword":1,"minecraft:bowl":4,"minecraft:fletching_table":1,"minecraft:birch_planks":32,"minecraft:bucket":1,"minecraft:stone_axe":2,"minecraft:bread":3,"minecraft:air":0,"minecraft:dark_oak_slab":30,"minecraft:wooden_hoe":1,"minecraft:diamond_pickaxe":1,"minecraft:shield":1,"minecraft:stick":464,"minecraft:iron_ingot":56,"minecraft:iron_pickaxe":1,"minecraft:white_bed":8,"minecraft:composter":4,"minecraft:torch":120},"minecraft:dropped":{"minecraft:stone_hoe":1,"minecraft:wheat_seeds":2,"minecraft:cooked_beef":1,"minecraft:brown_wool":1,"minecraft:iron_pickaxe":1,"minecraft:string":1,"minecraft:bone":1,"minecraft:wheat":4,"minecraft:stone_shovel":1,"minecraft:oak_planks":2,"minecraft:pumpkin_seeds":5,"minecraft:gunpowder":2,"minecraft:spider_eye":1,"minecraft:stone_pickaxe":2},"minecraft:picked_up":{"minecraft:crafting_table":3,"minecraft:wheat":13,"minecraft:chicken":15,"minecraft:chest_minecart":1,"minecraft:brown_mushroom":11,"minecraft:string":5,"minecraft:cobbled_deepslate":145,"minecraft:beef":29,"minecraft:light_gray_wool":1,"minecraft:minecart":3,"minecraft:sugar_cane":26,"minecraft:furnace":5,"minecraft:egg":3,"minecraft:stick":3,"minecraft:raw_iron":41,"minecraft:oak_fence":3,"minecraft:torch":7,"minecraft:porkchop":55,"minecraft:pointed_dripstone":15,"minecraft:diorite":6,"minecraft:carrot":46,"minecraft:redstone":28,"minecraft:arrow":6,"minecraft:rotten_flesh":18,"tombstone:essence_of_undeath":2,"minecraft:mutton":37,"minecraft:rail":15,"minecraft:white_wool":19,"minecraft:cobblestone":532,"minecraft:birch_log":8,"minecraft:feather":14,"minecraft:birch_slab":1,"minecraft:andesite":18,"minecraft:brown_wool":2,"minecraft:leather":16,"minecraft:red_mushroom":11,"minecraft:potato":17,"minecraft:flint":2,"minecraft:oak_log":115,"minecraft:yellow_bed":5,"minecraft:gunpowder":6,"minecraft:dirt":231,"minecraft:lapis_lazuli":24,"minecraft:glass":56,"minecraft:bone":12,"minecraft:bow":2,"minecraft:wheat_seeds":44,"minecraft:raw_gold":13,"minecraft:stone_pickaxe":1,"minecraft:iron_ingot":3,"minecraft:fletching_table":3,"minecraft:stripped_oak_wood":1,"tombstone:bag_of_seeds":1,"minecraft:oak_planks":14,"minecraft:birch_boat":5,"minecraft:gravel":7,"minecraft:dandelion":1,"minecraft:poisonous_potato":1,"minecraft:dripstone_block":1,"minecraft:sand":130,"minecraft:white_bed":11,"minecraft:dark_oak_log":33,"minecraft:spider_eye":1,"minecraft:bundle":1,"minecraft:diamond":67,"minecraft:granite":2,"minecraft:gray_wool":1,"minecraft:oak_sapling":2,"minecraft:black_wool":1,"minecraft:coal":85},"minecraft:mined":{"minecraft:diamond_ore":20,"minecraft:tuff":10,"minecraft:white_bed":11,"minecraft:dark_oak_leaves":3,"minecraft:deepslate_diamond_ore":47,"minecraft:dark_oak_log":33,"minecraft:granite":2,"minecraft:grass_block":141,"minecraft:brown_mushroom_block":45,"minecraft:birch_slab":1,"minecraft:furnace":5,"minecraft:carrots":27,"minecraft:iron_ore":37,"minecraft:andesite":9,"minecraft:fletching_table":3,"minecraft:deepslate_lapis_ore":4,"minecraft:pointed_dripstone":16,"minecraft:potatoes":6,"minecraft:deepslate_iron_ore":4,"minecraft:dirt_path":26,"minecraft:rail":15,"minecraft:stone":376,"minecraft:deepslate_redstone_ore":6,"minecraft:oak_fence":3,"minecraft:crafting_table":3,"minecraft:torch":1,"minecraft:mushroom_stem":8,"minecraft:glass":2,"minecraft:tall_grass":3,"minecraft:copper_ore":1,"minecraft:cobblestone":19,"minecraft:deepslate_gold_ore":8,"minecraft:oak_planks":13,"minecraft:sugar_cane":16,"minecraft:diorite":14,"minecraft:wall_torch":1,"minecraft:birch_log":8,"minecraft:wheat":14,"minecraft:birch_leaves":2,"minecraft:stripped_oak_wood":1,"minecraft:yellow_bed":5,"minecraft:grass":30,"minecraft:oak_log":115,"minecraft:coal_ore":83,"minecraft:gravel":9,"minecraft:dripstone_block":1,"minecraft:sand":129,"minecraft:dirt":60,"minecraft:red_mushroom_block":35,"minecraft:gold_ore":6,"minecraft:oak_leaves":25,"minecraft:deepslate":145},"minecraft:broken":{"minecraft:stone_axe":2,"minecraft:iron_pickaxe":1,"minecraft:wooden_hoe":1,"minecraft:stone_shovel":2}},"DataVersion":3465}