{"stats":{"minecraft:used":{"minecraft:dark_oak_log":2,"minecraft:stone_pickaxe":78,"minecraft:birch_boat":2,"minecraft:wooden_pickaxe":22,"minecraft:rotten_flesh":1,"minecraft:stone_axe":144,"minecraft:dirt":4,"minecraft:cobblestone":1,"minecraft:crafting_table":4,"minecraft:mushroom_stew":9},"minecraft:crafted":{"minecraft:crafting_table":2,"minecraft:stick":8,"minecraft:wooden_pickaxe":1,"minecraft:stone_pickaxe":1,"minecraft:bowl":4,"minecraft:mushroom_stew":11,"minecraft:birch_planks":32,"minecraft:stone_axe":2},"minecraft:custom":{"minecraft:time_since_rest":1840,"minecraft:interact_with_furnace":1,"minecraft:sprint_one_cm":91882,"minecraft:damage_taken":470,"minecraft:walk_one_cm":28966,"minecraft:mob_kills":15,"minecraft:damage_dealt":1624,"minecraft:swim_one_cm":1822,"minecraft:interact_with_crafting_table":5,"minecraft:fly_one_cm":150799,"minecraft:open_chest":5,"minecraft:crouch_one_cm":5935,"minecraft:play_time":46407,"minecraft:sneak_time":2908,"minecraft:walk_under_water_one_cm":1933,"minecraft:boat_one_cm":644215,"minecraft:jump":713,"minecraft:leave_game":2,"minecraft:walk_on_water_one_cm":4036,"minecraft:time_since_death":46407,"minecraft:sleep_in_bed":2,"minecraft:total_world_time":46407,"minecraft:fall_one_cm":21790},"minecraft:picked_up":{"minecraft:birch_log":8,"minecraft:raw_iron":3,"minecraft:crafting_table":2,"minecraft:feather":3,"minecraft:chicken":5,"minecraft:birch_boat":3,"minecraft:andesite":6,"minecraft:leather":2,"minecraft:brown_mushroom":11,"minecraft:red_mushroom":11,"minecraft:diorite":3,"minecraft:string":2,"minecraft:dark_oak_log":33,"minecraft:dirt":8,"minecraft:rotten_flesh":2,"minecraft:bow":1,"minecraft:granite":2,"minecraft:beef":5,"minecraft:sugar_cane":23,"minecraft:mutton":1,"minecraft:coal":30,"minecraft:white_wool":1,"minecraft:cobblestone":160},"minecraft:killed":{"minecraft:sheep":1,"minecraft:skeleton":1,"minecraft:zombie":2,"minecraft:chicken":6,"minecraft:spider":1,"minecraft:drowned":1,"minecraft:cow":3},"minecraft:broken":{"minecraft:stone_axe":1},"minecraft:mined":{"minecraft:dark_oak_leaves":3,"minecraft:birch_log":8,"minecraft:iron_ore":3,"minecraft:andesite":6,"minecraft:dark_oak_log":33,"minecraft:birch_leaves":2,"minecraft:crafting_table":2,"minecraft:granite":2,"minecraft:grass":1,"minecraft:grass_block":3,"minecraft:coal_ore":30,"minecraft:dirt":5,"minecraft:mushroom_stem":8,"minecraft:brown_mushroom_block":45,"minecraft:cobblestone":3,"minecraft:red_mushroom_block":35,"minecraft:stone":29,"minecraft:sugar_cane":15,"minecraft:diorite":3,"minecraft:oak_leaves":2}},"DataVersion":3465}