{"stats":{"minecraft:used":{"minecraft:iron_shovel":63,"minecraft:oak_fence":1,"minecraft:moss_block":1,"minecraft:tropical_fish":1,"minecraft:stone_sword":10,"minecraft:flint_and_steel":7,"minecraft:spruce_planks":41,"minecraft:shield":42,"minecraft:iron_sword":296,"minecraft:rotten_flesh":1,"minecraft:cooked_chicken":3,"minecraft:torch":14,"minecraft:dirt":89,"minecraft:mutton":5,"minecraft:golden_chestplate":1,"minecraft:tuff":1,"minecraft:granite":2,"minecraft:wooden_axe":13,"minecraft:beef":4,"minecraft:written_book":1,"minecraft:sweet_berries":30,"minecraft:furnace":4,"minecraft:egg":1,"minecraft:potato":7,"tombstone:gift":2,"minecraft:cooked_beef":2,"minecraft:pumpkin":2,"minecraft:cobbled_deepslate":15,"minecraft:iron_leggings":1,"minecraft:dark_oak_sapling":1,"minecraft:calcite":1,"minecraft:cooked_mutton":8,"minecraft:amethyst_block":1,"minecraft:stone_pickaxe":145,"minecraft:oak_planks":72,"minecraft:brown_mushroom":1,"minecraft:wooden_pickaxe":14,"minecraft:leather_chestplate":1,"minecraft:golden_apple":2,"minecraft:glow_berries":7,"minecraft:crafting_table":16,"minecraft:white_bed":3,"minecraft:spruce_log":4,"minecraft:oak_log":1,"minecraft:diamond_pickaxe":913,"minecraft:apple":2,"minecraft:dark_oak_log":1,"minecraft:chicken":1,"minecraft:bread":4,"minecraft:iron_pickaxe":488,"minecraft:gravel":9,"minecraft:stone_axe":67,"minecraft:diamond_sword":24,"minecraft:wooden_sword":28,"minecraft:cobblestone":207,"minecraft:porkchop":21,"minecraft:cooked_porkchop":5,"minecraft:andesite":3,"minecraft:oak_boat":5,"minecraft:diamond_leggings":1},"minecraft:killed_by":{"minecraft:player":2,"minecraft:creeper":6,"minecraft:spider":3,"minecraft:drowned":1,"minecraft:cave_spider":1,"minecraft:skeleton":6,"minecraft:zombie":5},"minecraft:custom":{"minecraft:mob_kills":74,"minecraft:interact_with_crafting_table":43,"minecraft:leave_game":12,"minecraft:time_since_death":5145,"minecraft:climb_one_cm":560,"minecraft:sprint_one_cm":1073635,"minecraft:walk_one_cm":1024471,"minecraft:damage_blocked_by_shield":1523,"minecraft:drop":133,"minecraft:play_time":470615,"minecraft:sneak_time":10457,"minecraft:deaths":37,"minecraft:walk_under_water_one_cm":125262,"minecraft:boat_one_cm":853024,"minecraft:jump":6304,"minecraft:interact_with_blast_furnace":2,"minecraft:walk_on_water_one_cm":140596,"minecraft:total_world_time":470615,"minecraft:interact_with_furnace":43,"minecraft:sleep_in_bed":2,"minecraft:time_since_rest":2746,"minecraft:damage_taken":12924,"minecraft:damage_absorbed":80,"minecraft:damage_dealt":12049,"minecraft:swim_one_cm":381525,"minecraft:fly_one_cm":875964,"minecraft:open_chest":28,"minecraft:crouch_one_cm":21329,"tombstone:undead_killed":2,"minecraft:fall_one_cm":201092,"minecraft:horse_one_cm":192557},"minecraft:killed":{"minecraft:cave_spider":8,"minecraft:spider":5,"minecraft:skeleton":9,"minecraft:chicken":1,"minecraft:drowned":3,"minecraft:pig":12,"minecraft:zombie_villager":1,"minecraft:creeper":2,"minecraft:sheep":7,"minecraft:zombie":19,"minecraft:cow":2},"minecraft:crafted":{"minecraft:wooden_sword":3,"minecraft:oak_planks":236,"minecraft:cooked_chicken":1,"minecraft:furnace":4,"minecraft:cooked_mutton":6,"minecraft:diamond_leggings":2,"minecraft:stone_pickaxe":2,"minecraft:diamond_boots":1,"minecraft:diamond_sword":1,"minecraft:crafting_table":10,"minecraft:spruce_planks":56,"minecraft:wooden_pickaxe":2,"minecraft:iron_sword":3,"minecraft:stone_axe":1,"minecraft:air":0,"minecraft:oak_boat":2,"minecraft:iron_chestplate":1,"minecraft:diamond_pickaxe":1,"minecraft:shield":2,"minecraft:stick":52,"minecraft:iron_ingot":39,"minecraft:iron_pickaxe":3,"minecraft:wooden_axe":1,"minecraft:stone_sword":1,"minecraft:iron_shovel":2,"minecraft:iron_leggings":2,"minecraft:white_bed":2,"minecraft:torch":28,"minecraft:diamond_chestplate":1},"minecraft:dropped":{"minecraft:iron_ingot":5,"minecraft:iron_sword":1,"minecraft:moss_block":1,"minecraft:porkchop":5,"minecraft:wheat_seeds":5,"minecraft:cooked_beef":1,"minecraft:diamond":4,"minecraft:dark_oak_sapling":2,"minecraft:diamond_leggings":1,"minecraft:feather":1,"minecraft:cobblestone":163,"minecraft:leather":2,"minecraft:granite":2,"minecraft:rail":4,"minecraft:coal":7,"minecraft:stick":21,"minecraft:dirt":35,"minecraft:dark_oak_log":1,"minecraft:diorite":3,"minecraft:torch":10,"tombstone:grave_key":1,"minecraft:iron_leggings":3,"minecraft:wooden_sword":1,"minecraft:flowering_azalea":1,"minecraft:iron_pickaxe":2,"minecraft:string":12,"minecraft:birch_log":3,"minecraft:spruce_sapling":1,"minecraft:redstone":4,"minecraft:dandelion":2,"minecraft:bone":5,"minecraft:sweet_berries":26,"minecraft:player_head":1,"minecraft:cobbled_deepslate":68,"minecraft:raw_copper":4,"minecraft:tuff":1,"minecraft:raw_iron":1,"minecraft:beetroot":2,"minecraft:rotten_flesh":8,"minecraft:light_gray_wool":2,"minecraft:oak_planks":47,"minecraft:cooked_mutton":3,"minecraft:white_bed":1,"minecraft:recovery_compass":8,"minecraft:leather_chestplate":1,"minecraft:gunpowder":1,"minecraft:diamond_pickaxe":1,"minecraft:andesite":77,"minecraft:beetroot_seeds":12,"minecraft:azalea":1,"minecraft:oak_sapling":2,"minecraft:spider_eye":1,"minecraft:stone_pickaxe":1,"minecraft:calcite":1,"minecraft:written_book":9},"minecraft:picked_up":{"minecraft:wooden_axe":3,"minecraft:crafting_table":29,"minecraft:wheat":2,"minecraft:chicken":3,"minecraft:chest_minecart":3,"minecraft:brown_mushroom":1,"minecraft:diamond_sword":1,"minecraft:wooden_pickaxe":5,"minecraft:shield":1,"minecraft:amethyst_block":106,"minecraft:string":243,"minecraft:raw_copper":4,"minecraft:wooden_sword":3,"minecraft:flint_and_steel":2,"minecraft:iron_leggings":8,"minecraft:beetroot":3,"minecraft:diamond_leggings":1,"minecraft:cobbled_deepslate":300,"minecraft:bucket":1,"minecraft:spruce_planks":34,"minecraft:beef":4,"minecraft:oak_boat":7,"minecraft:written_book":19,"minecraft:player_head":1,"minecraft:calcite":2,"minecraft:azalea":1,"minecraft:iron_pickaxe":5,"minecraft:light_gray_wool":2,"minecraft:birch_sapling":1,"minecraft:furnace":4,"minecraft:egg":1,"minecraft:golden_helmet":1,"minecraft:dark_oak_sapling":3,"minecraft:raw_iron":136,"minecraft:stick":176,"minecraft:oak_fence":1,"minecraft:torch":22,"minecraft:porkchop":26,"minecraft:diorite":3,"minecraft:redstone":12,"minecraft:golden_chestplate":1,"minecraft:arrow":11,"minecraft:rotten_flesh":13,"minecraft:diamond_chestplate":1,"minecraft:tropical_fish":2,"minecraft:beetroot_seeds":17,"minecraft:diamond_boots":1,"minecraft:saddle":1,"minecraft:gold_ingot":4,"minecraft:glow_berries":3,"minecraft:obsidian":20,"minecraft:mutton":12,"minecraft:rail":10,"minecraft:white_wool":21,"minecraft:cobblestone":814,"minecraft:birch_log":3,"minecraft:leather_chestplate":3,"minecraft:feather":3,"minecraft:cooked_beef":3,"minecraft:andesite":105,"minecraft:leather":2,"minecraft:filled_map":3,"minecraft:flint":4,"minecraft:tuff":46,"minecraft:oak_log":87,"minecraft:golden_boots":1,"minecraft:gunpowder":1,"minecraft:dirt":252,"minecraft:name_tag":2,"minecraft:cooked_mutton":7,"minecraft:bone":13,"minecraft:kelp":57,"minecraft:wheat_seeds":10,"minecraft:raw_gold":48,"minecraft:iron_ingot":30,"minecraft:stone_pickaxe":3,"minecraft:cooked_chicken":2,"minecraft:powered_rail":9,"minecraft:moss_block":2,"minecraft:iron_sword":5,"minecraft:oak_planks":277,"minecraft:flowering_azalea":1,"minecraft:cooked_porkchop":5,"minecraft:pumpkin":8,"minecraft:sweet_berries":56,"minecraft:dandelion":2,"minecraft:dripstone_block":5,"minecraft:gravel":11,"minecraft:ink_sac":2,"minecraft:spruce_sapling":6,"minecraft:white_bed":6,"minecraft:spruce_log":18,"minecraft:dark_oak_log":6,"minecraft:spider_eye":1,"minecraft:diamond":38,"minecraft:stone_axe":2,"minecraft:iron_helmet":1,"minecraft:granite":48,"minecraft:emerald":4,"minecraft:golden_horse_armor":1,"minecraft:bread":1,"minecraft:oak_sapling":6,"minecraft:coal":96,"minecraft:diamond_pickaxe":4},"minecraft:mined":{"minecraft:diamond_ore":5,"minecraft:tuff":47,"minecraft:spruce_planks":2,"minecraft:white_bed":2,"minecraft:dark_oak_leaves":4,"minecraft:deepslate_diamond_ore":30,"minecraft:dark_oak_log":2,"minecraft:budding_amethyst":1,"minecraft:granite":46,"minecraft:grass_block":72,"minecraft:spruce_leaves":64,"minecraft:moss_block":12,"minecraft:kelp":1,"minecraft:spawner":2,"minecraft:large_fern":1,"minecraft:tall_seagrass":3,"minecraft:spore_blossom":1,"minecraft:redstone_ore":1,"minecraft:furnace":3,"minecraft:iron_ore":65,"minecraft:andesite":58,"minecraft:pumpkin":2,"minecraft:deepslate_lapis_ore":6,"minecraft:vine":1,"minecraft:deepslate_iron_ore":19,"minecraft:azalea":1,"minecraft:stone":776,"minecraft:player_head":1,"minecraft:flowering_azalea":1,"minecraft:brown_mushroom":1,"minecraft:kelp_plant":13,"minecraft:dandelion":1,"minecraft:oak_fence":1,"minecraft:crafting_table":9,"minecraft:emerald_ore":1,"minecraft:calcite":2,"minecraft:copper_ore":1,"minecraft:tall_grass":10,"minecraft:deepslate_coal_ore":1,"minecraft:cobblestone":7,"minecraft:deepslate_gold_ore":12,"minecraft:oak_planks":14,"minecraft:diorite":3,"minecraft:wall_torch":2,"minecraft:amethyst_block":15,"minecraft:seagrass":13,"minecraft:sweet_berry_bush":15,"minecraft:spruce_log":18,"minecraft:birch_leaves":6,"minecraft:grass":19,"minecraft:coal_ore":26,"minecraft:oak_log":61,"minecraft:beetroots":1,"minecraft:gravel":6,"minecraft:dripstone_block":5,"minecraft:dirt":92,"minecraft:cobweb":29,"minecraft:gold_ore":6,"minecraft:oak_leaves":47,"minecraft:deepslate":343,"minecraft:fern":8},"minecraft:broken":{"minecraft:golden_helmet":1,"minecraft:golden_boots":1}},"DataVersion":3465}