{"stats":{"minecraft:used":{"minecraft:moss_block":1,"minecraft:flint_and_steel":7,"minecraft:tropical_fish":1,"minecraft:spruce_planks":41,"minecraft:iron_sword":281,"minecraft:cooked_chicken":1,"minecraft:torch":2,"minecraft:dirt":60,"minecraft:mutton":5,"minecraft:golden_chestplate":1,"minecraft:tuff":1,"minecraft:granite":2,"minecraft:wooden_axe":13,"minecraft:beef":2,"minecraft:written_book":1,"minecraft:sweet_berries":20,"minecraft:furnace":1,"minecraft:cooked_beef":1,"minecraft:cobbled_deepslate":9,"minecraft:pumpkin":2,"minecraft:iron_leggings":1,"minecraft:dark_oak_sapling":1,"minecraft:calcite":1,"minecraft:cooked_mutton":5,"minecraft:stone_pickaxe":79,"minecraft:oak_planks":36,"minecraft:leather_chestplate":1,"minecraft:wooden_pickaxe":3,"minecraft:golden_apple":1,"minecraft:glow_berries":7,"minecraft:crafting_table":8,"minecraft:white_bed":2,"minecraft:spruce_log":4,"minecraft:oak_log":1,"minecraft:chicken":1,"minecraft:bread":3,"minecraft:iron_pickaxe":126,"minecraft:gravel":9,"minecraft:stone_axe":67,"minecraft:wooden_sword":25,"minecraft:cobblestone":41,"minecraft:porkchop":20,"minecraft:oak_boat":3},"minecraft:mined":{"minecraft:diamond_ore":1,"minecraft:tuff":1,"minecraft:spruce_planks":2,"minecraft:white_bed":1,"minecraft:dark_oak_leaves":4,"minecraft:dark_oak_log":1,"minecraft:granite":5,"minecraft:budding_amethyst":1,"minecraft:grass_block":16,"minecraft:kelp":1,"minecraft:spruce_leaves":62,"minecraft:moss_block":12,"minecraft:spawner":2,"minecraft:tall_seagrass":3,"minecraft:large_fern":1,"minecraft:spore_blossom":1,"minecraft:furnace":1,"minecraft:iron_ore":33,"minecraft:andesite":1,"minecraft:pumpkin":2,"minecraft:deepslate_lapis_ore":5,"minecraft:deepslate_iron_ore":16,"minecraft:azalea":1,"minecraft:stone":61,"minecraft:flowering_azalea":1,"minecraft:kelp_plant":12,"minecraft:dandelion":1,"minecraft:crafting_table":6,"minecraft:calcite":2,"minecraft:tall_grass":1,"minecraft:cobblestone":1,"minecraft:deepslate_gold_ore":4,"minecraft:oak_planks":14,"minecraft:diorite":3,"minecraft:amethyst_block":15,"minecraft:seagrass":13,"minecraft:sweet_berry_bush":9,"minecraft:spruce_log":18,"minecraft:grass":9,"minecraft:oak_log":49,"minecraft:coal_ore":9,"minecraft:gravel":6,"minecraft:dirt":8,"minecraft:cobweb":27,"minecraft:oak_leaves":29,"minecraft:deepslate":9,"minecraft:fern":8},"minecraft:killed_by":{"minecraft:player":1,"minecraft:creeper":4,"minecraft:spider":2,"minecraft:cave_spider":1,"minecraft:skeleton":4,"minecraft:zombie":2},"minecraft:broken":{"minecraft:golden_helmet":1,"minecraft:golden_boots":1},"minecraft:crafted":{"minecraft:wooden_sword":1,"minecraft:oak_planks":188,"minecraft:cooked_chicken":1,"minecraft:furnace":1,"minecraft:cooked_mutton":5,"minecraft:stone_pickaxe":1,"minecraft:crafting_table":6,"minecraft:spruce_planks":56,"minecraft:wooden_pickaxe":1,"minecraft:iron_sword":2,"minecraft:stone_axe":1,"minecraft:air":0,"minecraft:oak_boat":2,"minecraft:stick":32,"minecraft:iron_ingot":12,"minecraft:iron_pickaxe":1,"minecraft:wooden_axe":1,"minecraft:iron_leggings":1,"minecraft:white_bed":2},"minecraft:dropped":{"minecraft:iron_ingot":5,"minecraft:iron_sword":1,"minecraft:moss_block":1,"minecraft:porkchop":5,"minecraft:wheat_seeds":5,"minecraft:cooked_beef":1,"minecraft:diamond":2,"minecraft:dark_oak_sapling":2,"minecraft:feather":1,"minecraft:leather":2,"minecraft:granite":2,"minecraft:rail":4,"minecraft:dirt":11,"minecraft:dark_oak_log":1,"minecraft:diorite":3,"minecraft:torch":10,"minecraft:iron_leggings":1,"minecraft:wooden_sword":1,"minecraft:flowering_azalea":1,"minecraft:string":12,"minecraft:birch_log":3,"minecraft:spruce_sapling":1,"minecraft:bone":5,"minecraft:dandelion":1,"minecraft:sweet_berries":26,"minecraft:rotten_flesh":8,"minecraft:light_gray_wool":2,"minecraft:oak_planks":26,"minecraft:cooked_mutton":3,"minecraft:white_bed":1,"minecraft:recovery_compass":4,"minecraft:gunpowder":1,"minecraft:andesite":1,"minecraft:oak_sapling":1,"minecraft:azalea":1,"minecraft:spider_eye":1,"minecraft:stone_pickaxe":1,"minecraft:calcite":1,"minecraft:written_book":9},"minecraft:killed":{"minecraft:cave_spider":8,"minecraft:spider":4,"minecraft:skeleton":8,"minecraft:chicken":1,"minecraft:drowned":3,"minecraft:pig":11,"minecraft:zombie_villager":1,"minecraft:creeper":2,"minecraft:sheep":6,"minecraft:zombie":15,"minecraft:cow":1},"minecraft:picked_up":{"minecraft:wooden_axe":3,"minecraft:crafting_table":16,"minecraft:chicken":3,"minecraft:chest_minecart":1,"minecraft:wooden_pickaxe":5,"minecraft:amethyst_block":57,"minecraft:string":111,"minecraft:wooden_sword":3,"minecraft:flint_and_steel":1,"minecraft:iron_leggings":5,"minecraft:cobbled_deepslate":10,"minecraft:spruce_planks":34,"minecraft:beef":2,"minecraft:oak_boat":3,"minecraft:written_book":14,"minecraft:calcite":2,"minecraft:azalea":1,"minecraft:light_gray_wool":2,"minecraft:iron_pickaxe":2,"minecraft:furnace":2,"minecraft:golden_helmet":1,"minecraft:dark_oak_sapling":3,"minecraft:stick":85,"minecraft:raw_iron":80,"minecraft:torch":20,"minecraft:porkchop":25,"minecraft:diorite":3,"minecraft:golden_chestplate":1,"minecraft:arrow":10,"minecraft:rotten_flesh":12,"minecraft:tropical_fish":1,"minecraft:gold_ingot":4,"minecraft:obsidian":10,"minecraft:mutton":10,"minecraft:glow_berries":3,"minecraft:white_wool":20,"minecraft:rail":10,"minecraft:cobblestone":102,"minecraft:birch_log":3,"minecraft:feather":3,"minecraft:cooked_beef":2,"minecraft:andesite":2,"minecraft:leather":2,"minecraft:filled_map":1,"minecraft:flint":4,"minecraft:tuff":1,"minecraft:oak_log":75,"minecraft:golden_boots":1,"minecraft:gunpowder":1,"minecraft:dirt":112,"minecraft:name_tag":2,"minecraft:cooked_mutton":5,"minecraft:bone":8,"minecraft:kelp":19,"minecraft:wheat_seeds":6,"minecraft:raw_gold":12,"minecraft:stone_pickaxe":3,"minecraft:iron_ingot":29,"minecraft:powered_rail":3,"minecraft:moss_block":2,"minecraft:iron_sword":5,"minecraft:oak_planks":80,"minecraft:flowering_azalea":1,"minecraft:pumpkin":8,"minecraft:sweet_berries":46,"minecraft:dandelion":1,"minecraft:gravel":11,"minecraft:spruce_sapling":6,"minecraft:white_bed":3,"minecraft:spruce_log":18,"minecraft:spider_eye":1,"minecraft:dark_oak_log":2,"minecraft:diamond":4,"minecraft:stone_axe":2,"minecraft:granite":6,"minecraft:emerald":1,"minecraft:oak_sapling":5,"minecraft:coal":35},"minecraft:custom":{"minecraft:mob_kills":63,"minecraft:interact_with_crafting_table":18,"minecraft:climb_one_cm":408,"minecraft:leave_game":3,"minecraft:time_since_death":24038,"minecraft:sprint_one_cm":618999,"minecraft:walk_one_cm":537896,"minecraft:drop":84,"minecraft:play_time":212641,"minecraft:deaths":19,"minecraft:sneak_time":4441,"minecraft:walk_under_water_one_cm":64669,"minecraft:boat_one_cm":494014,"minecraft:jump":3513,"minecraft:walk_on_water_one_cm":77054,"minecraft:total_world_time":212641,"minecraft:interact_with_furnace":20,"minecraft:time_since_rest":24074,"minecraft:damage_taken":6050,"minecraft:damage_absorbed":40,"minecraft:damage_dealt":9601,"minecraft:swim_one_cm":257949,"minecraft:fly_one_cm":547917,"minecraft:open_chest":6,"minecraft:crouch_one_cm":11715,"minecraft:fall_one_cm":110676}},"DataVersion":3465}