{"stats":{"minecraft:used":{"minecraft:moss_block":1,"minecraft:tropical_fish":1,"minecraft:flint_and_steel":7,"minecraft:spruce_planks":41,"minecraft:iron_sword":296,"minecraft:cooked_chicken":1,"minecraft:torch":2,"minecraft:dirt":67,"minecraft:mutton":5,"minecraft:golden_chestplate":1,"minecraft:tuff":1,"minecraft:granite":2,"minecraft:wooden_axe":13,"minecraft:beef":4,"minecraft:written_book":1,"minecraft:sweet_berries":30,"minecraft:furnace":2,"minecraft:cooked_beef":1,"minecraft:pumpkin":2,"minecraft:cobbled_deepslate":15,"minecraft:iron_leggings":1,"minecraft:dark_oak_sapling":1,"minecraft:calcite":1,"minecraft:cooked_mutton":5,"minecraft:amethyst_block":1,"minecraft:stone_pickaxe":79,"minecraft:oak_planks":72,"minecraft:brown_mushroom":1,"minecraft:wooden_pickaxe":8,"minecraft:leather_chestplate":1,"minecraft:golden_apple":1,"minecraft:glow_berries":7,"minecraft:crafting_table":11,"minecraft:white_bed":3,"minecraft:spruce_log":4,"minecraft:oak_log":1,"minecraft:dark_oak_log":1,"minecraft:chicken":1,"minecraft:bread":3,"minecraft:iron_pickaxe":210,"minecraft:gravel":9,"minecraft:stone_axe":67,"minecraft:wooden_sword":28,"minecraft:cobblestone":52,"minecraft:porkchop":21,"minecraft:cooked_porkchop":2,"minecraft:andesite":3,"minecraft:oak_boat":5},"minecraft:killed_by":{"minecraft:player":1,"minecraft:creeper":5,"minecraft:spider":2,"minecraft:drowned":1,"minecraft:cave_spider":1,"minecraft:skeleton":5,"minecraft:zombie":2},"minecraft:custom":{"minecraft:mob_kills":70,"minecraft:interact_with_crafting_table":27,"minecraft:leave_game":8,"minecraft:time_since_death":22258,"minecraft:climb_one_cm":560,"minecraft:sprint_one_cm":821255,"minecraft:walk_one_cm":714382,"minecraft:drop":93,"minecraft:play_time":293665,"minecraft:sneak_time":6013,"minecraft:deaths":28,"minecraft:walk_under_water_one_cm":100794,"minecraft:boat_one_cm":853024,"minecraft:jump":4589,"minecraft:walk_on_water_one_cm":113350,"minecraft:total_world_time":293665,"minecraft:interact_with_furnace":25,"minecraft:sleep_in_bed":1,"minecraft:time_since_rest":22279,"minecraft:damage_taken":9428,"minecraft:damage_absorbed":40,"minecraft:damage_dealt":10523,"minecraft:swim_one_cm":297607,"minecraft:fly_one_cm":670319,"minecraft:open_chest":8,"minecraft:crouch_one_cm":15370,"minecraft:fall_one_cm":160099},"minecraft:killed":{"minecraft:cave_spider":8,"minecraft:spider":4,"minecraft:skeleton":9,"minecraft:chicken":1,"minecraft:drowned":3,"minecraft:pig":12,"minecraft:zombie_villager":1,"minecraft:creeper":2,"minecraft:sheep":6,"minecraft:zombie":17,"minecraft:cow":2},"minecraft:crafted":{"minecraft:wooden_sword":3,"minecraft:oak_planks":236,"minecraft:cooked_chicken":1,"minecraft:furnace":3,"minecraft:cooked_mutton":5,"minecraft:stone_pickaxe":1,"minecraft:crafting_table":7,"minecraft:spruce_planks":56,"minecraft:wooden_pickaxe":2,"minecraft:iron_sword":3,"minecraft:stone_axe":1,"minecraft:air":0,"minecraft:oak_boat":2,"minecraft:iron_chestplate":1,"minecraft:stick":48,"minecraft:iron_ingot":32,"minecraft:iron_pickaxe":2,"minecraft:wooden_axe":1,"minecraft:iron_leggings":2,"minecraft:white_bed":2},"minecraft:dropped":{"minecraft:iron_ingot":5,"minecraft:iron_sword":1,"minecraft:moss_block":1,"minecraft:porkchop":5,"minecraft:wheat_seeds":5,"minecraft:cooked_beef":1,"minecraft:diamond":2,"minecraft:dark_oak_sapling":2,"minecraft:feather":1,"minecraft:leather":2,"minecraft:granite":2,"minecraft:rail":4,"minecraft:stick":21,"minecraft:dirt":11,"minecraft:dark_oak_log":1,"minecraft:diorite":3,"minecraft:torch":10,"minecraft:iron_leggings":2,"minecraft:wooden_sword":1,"minecraft:flowering_azalea":1,"minecraft:string":12,"minecraft:birch_log":3,"minecraft:spruce_sapling":1,"minecraft:dandelion":1,"minecraft:bone":5,"minecraft:sweet_berries":26,"minecraft:rotten_flesh":8,"minecraft:light_gray_wool":2,"minecraft:oak_planks":47,"minecraft:cooked_mutton":3,"minecraft:white_bed":1,"minecraft:recovery_compass":8,"minecraft:leather_chestplate":1,"minecraft:gunpowder":1,"minecraft:andesite":1,"minecraft:azalea":1,"minecraft:oak_sapling":2,"minecraft:spider_eye":1,"minecraft:stone_pickaxe":1,"minecraft:calcite":1,"minecraft:written_book":9},"minecraft:picked_up":{"minecraft:wooden_axe":3,"minecraft:crafting_table":26,"minecraft:chicken":3,"minecraft:chest_minecart":3,"minecraft:brown_mushroom":1,"minecraft:wooden_pickaxe":5,"minecraft:amethyst_block":106,"minecraft:string":239,"minecraft:wooden_sword":3,"minecraft:flint_and_steel":1,"minecraft:iron_leggings":8,"minecraft:cobbled_deepslate":16,"minecraft:spruce_planks":34,"minecraft:beef":4,"minecraft:oak_boat":7,"minecraft:written_book":19,"minecraft:calcite":2,"minecraft:azalea":1,"minecraft:light_gray_wool":2,"minecraft:iron_pickaxe":4,"minecraft:furnace":2,"minecraft:golden_helmet":1,"minecraft:dark_oak_sapling":3,"minecraft:stick":174,"minecraft:raw_iron":115,"minecraft:torch":20,"minecraft:porkchop":26,"minecraft:diorite":3,"minecraft:golden_chestplate":1,"minecraft:rotten_flesh":12,"minecraft:arrow":10,"minecraft:tropical_fish":2,"minecraft:gold_ingot":4,"minecraft:glow_berries":3,"minecraft:obsidian":20,"minecraft:mutton":10,"minecraft:rail":10,"minecraft:white_wool":20,"minecraft:cobblestone":133,"minecraft:birch_log":3,"minecraft:leather_chestplate":3,"minecraft:feather":3,"minecraft:cooked_beef":2,"minecraft:andesite":5,"minecraft:leather":2,"minecraft:filled_map":3,"minecraft:flint":4,"minecraft:tuff":1,"minecraft:oak_log":87,"minecraft:golden_boots":1,"minecraft:gunpowder":1,"minecraft:dirt":142,"minecraft:name_tag":2,"minecraft:cooked_mutton":5,"minecraft:bone":10,"minecraft:kelp":57,"minecraft:wheat_seeds":7,"minecraft:raw_gold":32,"minecraft:iron_ingot":29,"minecraft:stone_pickaxe":3,"minecraft:powered_rail":9,"minecraft:moss_block":2,"minecraft:iron_sword":5,"minecraft:oak_planks":258,"minecraft:flowering_azalea":1,"minecraft:cooked_porkchop":3,"minecraft:pumpkin":8,"minecraft:sweet_berries":56,"minecraft:dandelion":1,"minecraft:gravel":11,"minecraft:spruce_sapling":6,"minecraft:white_bed":6,"minecraft:spruce_log":18,"minecraft:dark_oak_log":6,"minecraft:spider_eye":1,"minecraft:diamond":5,"minecraft:stone_axe":2,"minecraft:granite":6,"minecraft:emerald":3,"minecraft:oak_sapling":6,"minecraft:coal":69},"minecraft:mined":{"minecraft:diamond_ore":1,"minecraft:tuff":1,"minecraft:spruce_planks":2,"minecraft:white_bed":2,"minecraft:dark_oak_leaves":4,"minecraft:deepslate_diamond_ore":1,"minecraft:dark_oak_log":2,"minecraft:granite":5,"minecraft:budding_amethyst":1,"minecraft:grass_block":33,"minecraft:spruce_leaves":62,"minecraft:moss_block":12,"minecraft:kelp":1,"minecraft:spawner":2,"minecraft:large_fern":1,"minecraft:tall_seagrass":3,"minecraft:spore_blossom":1,"minecraft:furnace":1,"minecraft:iron_ore":51,"minecraft:andesite":4,"minecraft:pumpkin":2,"minecraft:deepslate_lapis_ore":5,"minecraft:deepslate_iron_ore":19,"minecraft:vine":1,"minecraft:azalea":1,"minecraft:stone":92,"minecraft:flowering_azalea":1,"minecraft:brown_mushroom":1,"minecraft:kelp_plant":13,"minecraft:dandelion":1,"minecraft:crafting_table":6,"minecraft:calcite":2,"minecraft:tall_grass":1,"minecraft:cobblestone":1,"minecraft:deepslate_gold_ore":4,"minecraft:oak_planks":14,"minecraft:diorite":3,"minecraft:amethyst_block":15,"minecraft:seagrass":13,"minecraft:sweet_berry_bush":15,"minecraft:spruce_log":18,"minecraft:birch_leaves":2,"minecraft:grass":10,"minecraft:oak_log":61,"minecraft:coal_ore":9,"minecraft:gravel":6,"minecraft:dirt":20,"minecraft:cobweb":27,"minecraft:gold_ore":6,"minecraft:oak_leaves":46,"minecraft:deepslate":15,"minecraft:fern":8},"minecraft:broken":{"minecraft:golden_helmet":1,"minecraft:golden_boots":1}},"DataVersion":3465}