{"stats":{"minecraft:used":{"minecraft:oak_fence":1,"minecraft:stone_sword":84,"minecraft:stone_shovel":439,"minecraft:chest":9,"minecraft:shield":10,"minecraft:cooked_chicken":7,"minecraft:stone_hoe":164,"minecraft:iron_chestplate":1,"minecraft:torch":77,"minecraft:dirt":264,"minecraft:carrot":75,"minecraft:deepslate_tile_slab":3,"minecraft:wooden_axe":31,"minecraft:lava_bucket":2,"minecraft:grass_block":1,"minecraft:birch_sapling":3,"minecraft:golden_carrot":3,"minecraft:written_book":2,"minecraft:oak_sapling":30,"minecraft:furnace":10,"tombstone:gift":2,"minecraft:egg":5,"minecraft:cooked_beef":3,"minecraft:cobbled_deepslate":3,"minecraft:acacia_planks":4,"minecraft:wheat_seeds":74,"minecraft:water_bucket":7,"minecraft:diamond_boots":1,"minecraft:birch_planks":2,"minecraft:stone_pickaxe":121,"minecraft:wooden_pickaxe":16,"minecraft:diamond_axe":124,"minecraft:composter":1,"minecraft:mossy_cobblestone":6,"minecraft:oak_slab":446,"minecraft:crafting_table":4,"minecraft:white_bed":1,"minecraft:spruce_log":2,"minecraft:smoker":3,"minecraft:deepslate_tiles":123,"minecraft:oak_log":1,"minecraft:wooden_hoe":59,"minecraft:diamond_pickaxe":612,"minecraft:bread":45,"minecraft:iron_pickaxe":250,"minecraft:gravel":7,"minecraft:spruce_sapling":22,"minecraft:stone_axe":168,"minecraft:cobblestone":320,"minecraft:stripped_oak_wood":1,"minecraft:bucket":9,"minecraft:yellow_bed":2,"minecraft:diamond_leggings":1,"minecraft:coarse_dirt":2,"minecraft:bone_meal":30,"minecraft:smooth_stone":144},"minecraft:killed_by":{"minecraft:skeleton":1},"minecraft:custom":{"minecraft:mob_kills":58,"minecraft:interact_with_crafting_table":74,"minecraft:bell_ring":8,"minecraft:leave_game":4,"minecraft:time_since_death":47091,"minecraft:sprint_one_cm":556278,"minecraft:walk_one_cm":489167,"minecraft:damage_blocked_by_shield":395,"minecraft:drop":57,"minecraft:talked_to_villager":2,"minecraft:play_time":235130,"minecraft:sneak_time":5435,"minecraft:deaths":1,"minecraft:walk_under_water_one_cm":12922,"minecraft:boat_one_cm":179178,"minecraft:jump":3515,"minecraft:walk_on_water_one_cm":17431,"minecraft:total_world_time":235130,"minecraft:interact_with_furnace":256,"minecraft:sleep_in_bed":9,"minecraft:time_since_rest":23350,"minecraft:damage_taken":2491,"minecraft:damage_dealt":8534,"minecraft:swim_one_cm":141463,"minecraft:fly_one_cm":703342,"minecraft:open_chest":94,"minecraft:crouch_one_cm":17164,"tombstone:undead_killed":7,"minecraft:interact_with_smoker":135,"minecraft:fall_one_cm":94304},"minecraft:killed":{"minecraft:spider":3,"minecraft:skeleton":6,"minecraft:chicken":11,"minecraft:silverfish":3,"minecraft:pig":3,"minecraft:creeper":2,"minecraft:sheep":1,"minecraft:zombie":25,"minecraft:enderman":1,"minecraft:cow":3},"minecraft:crafted":{"minecraft:smooth_stone":157,"minecraft:oak_planks":532,"minecraft:stone_shovel":3,"minecraft:cooked_chicken":7,"minecraft:furnace":9,"minecraft:stone":589,"minecraft:bone_meal":30,"minecraft:diamond_leggings":2,"minecraft:polished_deepslate":192,"minecraft:stone_pickaxe":1,"minecraft:chest":5,"minecraft:diamond_boots":1,"minecraft:dried_kelp_block":58,"minecraft:stone_hoe":2,"minecraft:smoker":3,"minecraft:wheat":135,"minecraft:cooked_beef":8,"minecraft:oak_slab":420,"minecraft:diamond_axe":2,"minecraft:crafting_table":2,"minecraft:spruce_planks":284,"minecraft:dried_kelp":534,"minecraft:wooden_pickaxe":1,"minecraft:bucket":1,"minecraft:birch_planks":28,"minecraft:deepslate_tiles":192,"minecraft:stone_axe":2,"minecraft:bread":45,"minecraft:air":0,"minecraft:iron_chestplate":2,"minecraft:wooden_hoe":1,"minecraft:diamond_pickaxe":2,"minecraft:shield":2,"minecraft:stick":56,"minecraft:iron_ingot":50,"minecraft:iron_pickaxe":1,"minecraft:wooden_axe":1,"minecraft:stone_sword":1,"minecraft:composter":1,"minecraft:acacia_planks":28,"minecraft:torch":68,"minecraft:deepslate_bricks":192,"minecraft:deepslate_tile_slab":6,"minecraft:diamond_chestplate":1},"minecraft:dropped":{"minecraft:enchanted_book":1,"minecraft:iron_ingot":11,"minecraft:oak_slab":83,"minecraft:lapis_lazuli":29,"minecraft:wheat_seeds":1,"minecraft:diamond_axe":1,"minecraft:diamond_leggings":1,"minecraft:oak_fence":3,"minecraft:cobblestone":51,"minecraft:deepslate_tile_slab":3,"minecraft:cobblestone_stairs":8,"minecraft:stick":3,"minecraft:dirt":88,"minecraft:golden_carrot":4,"minecraft:cornflower":1,"minecraft:wooden_axe":1,"minecraft:spruce_sapling":1,"minecraft:dandelion":3,"minecraft:bricks":2,"minecraft:stone_axe":1,"minecraft:cobbled_deepslate":1,"minecraft:wheat":14,"minecraft:chicken":1,"minecraft:rotten_flesh":7,"minecraft:oak_planks":183,"minecraft:stripped_oak_log":8,"minecraft:azure_bluet":1,"minecraft:filled_map":1,"minecraft:shield":2,"minecraft:diamond_chestplate":1,"minecraft:diamond_pickaxe":1,"minecraft:iron_chestplate":1,"minecraft:stone_pickaxe":1,"minecraft:wooden_pickaxe":2,"minecraft:written_book":4},"minecraft:picked_up":{"minecraft:iron_chestplate":1,"minecraft:crafting_table":2,"minecraft:coarse_dirt":3,"minecraft:wheat":28,"minecraft:azure_bluet":2,"minecraft:chicken":12,"minecraft:wooden_pickaxe":2,"minecraft:oak_stairs":82,"minecraft:shield":1,"minecraft:cornflower":2,"minecraft:string":4,"minecraft:raw_copper":2,"minecraft:deepslate_tiles":3,"minecraft:smooth_stone":14,"minecraft:cobbled_deepslate":308,"minecraft:spruce_planks":45,"minecraft:beef":8,"minecraft:written_book":4,"minecraft:poppy":1,"minecraft:sugar_cane":17,"minecraft:chest":4,"minecraft:birch_sapling":3,"minecraft:furnace":4,"minecraft:raw_copper_block":1,"minecraft:egg":5,"minecraft:stick":36,"minecraft:raw_iron":70,"minecraft:oak_door":3,"minecraft:oak_fence":7,"minecraft:torch":58,"minecraft:acacia_log":7,"minecraft:porkchop":7,"minecraft:dried_kelp":4,"minecraft:diorite":8,"minecraft:carrot":61,"minecraft:arrow":3,"minecraft:stone_shovel":1,"minecraft:rotten_flesh":29,"minecraft:hay_block":15,"minecraft:mutton":2,"minecraft:white_wool":1,"minecraft:cobblestone":485,"minecraft:stripped_oak_log":16,"minecraft:birch_log":12,"minecraft:feather":9,"minecraft:andesite":4,"minecraft:leather":5,"minecraft:birch_planks":2,"minecraft:flint":1,"minecraft:tuff":31,"minecraft:oak_log":122,"minecraft:yellow_bed":2,"minecraft:cobblestone_wall":1,"minecraft:gunpowder":3,"minecraft:cobblestone_stairs":16,"minecraft:lapis_lazuli":59,"minecraft:deepslate_tile_slab":3,"minecraft:dirt":572,"minecraft:bone":5,"minecraft:apple":4,"minecraft:kelp":700,"minecraft:bow":1,"minecraft:wheat_seeds":85,"minecraft:raw_gold":1,"minecraft:iron_ingot":6,"minecraft:stripped_oak_wood":1,"minecraft:oak_planks":19,"minecraft:oak_slab":116,"minecraft:birch_boat":1,"minecraft:dandelion":4,"minecraft:gravel":7,"minecraft:spruce_sapling":23,"minecraft:blast_furnace":1,"minecraft:grass_block":1,"minecraft:white_bed":2,"minecraft:spruce_log":85,"minecraft:spider_eye":2,"minecraft:mossy_cobblestone":17,"minecraft:diamond":38,"minecraft:stone_axe":1,"minecraft:granite":6,"minecraft:oak_sapling":30,"minecraft:bricks":4,"minecraft:coal":21},"minecraft:mined":{"minecraft:deepslate_tiles":3,"minecraft:diamond_ore":6,"minecraft:tuff":31,"minecraft:white_bed":2,"minecraft:mossy_cobblestone":17,"minecraft:deepslate_diamond_ore":32,"minecraft:cobblestone_stairs":8,"minecraft:granite":5,"minecraft:acacia_log":9,"minecraft:grass_block":255,"minecraft:brown_mushroom_block":1,"minecraft:spruce_leaves":3,"minecraft:kelp":2,"minecraft:hay_block":15,"minecraft:smooth_stone":14,"minecraft:tall_seagrass":7,"minecraft:carrots":32,"minecraft:spruce_sapling":1,"minecraft:furnace":4,"minecraft:iron_ore":58,"minecraft:fire":1,"minecraft:andesite":4,"minecraft:deepslate_lapis_ore":2,"minecraft:azure_bluet":2,"minecraft:dirt_path":1,"minecraft:deepslate_iron_ore":4,"minecraft:oak_stairs":15,"minecraft:stripped_oak_log":8,"minecraft:stone":259,"minecraft:oak_slab":21,"minecraft:glass_pane":4,"minecraft:kelp_plant":76,"minecraft:lily_of_the_valley":1,"minecraft:dandelion":2,"minecraft:oak_fence":4,"minecraft:crafting_table":1,"minecraft:cornflower":2,"minecraft:torch":34,"minecraft:blast_furnace":1,"minecraft:poppy":1,"minecraft:chest":4,"minecraft:copper_ore":1,"minecraft:tall_grass":125,"minecraft:cobblestone":182,"minecraft:deepslate_gold_ore":1,"minecraft:lapis_ore":2,"minecraft:sugar_cane":11,"minecraft:bricks":2,"minecraft:diorite":8,"minecraft:wall_torch":14,"minecraft:birch_sapling":1,"minecraft:birch_planks":2,"minecraft:coarse_dirt":3,"minecraft:cobblestone_wall":1,"minecraft:birch_log":12,"minecraft:wheat":14,"minecraft:spruce_log":85,"minecraft:birch_leaves":5,"minecraft:stripped_oak_wood":1,"minecraft:yellow_bed":3,"minecraft:grass":283,"minecraft:oak_log":90,"minecraft:coal_ore":21,"minecraft:gravel":8,"minecraft:dirt":52,"minecraft:raw_copper_block":1,"minecraft:deepslate":308,"minecraft:oak_leaves":6},"minecraft:broken":{"minecraft:stone_hoe":1,"minecraft:stone_axe":1,"minecraft:iron_pickaxe":1,"minecraft:wooden_hoe":1,"minecraft:stone_shovel":4}},"DataVersion":3465}