{"stats":{"minecraft:used":{"minecraft:stone_sword":80,"minecraft:stone_shovel":439,"minecraft:chest":5,"minecraft:shield":10,"minecraft:cooked_chicken":7,"minecraft:stone_hoe":117,"minecraft:iron_chestplate":1,"minecraft:torch":72,"minecraft:dirt":256,"minecraft:carrot":41,"minecraft:wooden_axe":31,"minecraft:lava_bucket":2,"minecraft:grass_block":1,"minecraft:birch_sapling":3,"minecraft:golden_carrot":3,"minecraft:written_book":2,"minecraft:oak_sapling":1,"minecraft:furnace":10,"minecraft:egg":1,"minecraft:cobbled_deepslate":3,"minecraft:acacia_planks":4,"minecraft:wheat_seeds":34,"minecraft:water_bucket":6,"minecraft:birch_planks":2,"minecraft:stone_pickaxe":121,"minecraft:wooden_pickaxe":16,"minecraft:crafting_table":4,"minecraft:white_bed":1,"minecraft:spruce_log":2,"minecraft:smoker":3,"minecraft:diamond_pickaxe":439,"minecraft:bread":39,"minecraft:iron_pickaxe":250,"minecraft:spruce_sapling":22,"minecraft:gravel":7,"minecraft:stone_axe":147,"minecraft:cobblestone":19,"minecraft:bucket":9,"minecraft:yellow_bed":2,"minecraft:coarse_dirt":2,"minecraft:bone_meal":24,"minecraft:smooth_stone":144},"minecraft:custom":{"minecraft:mob_kills":51,"minecraft:interact_with_crafting_table":56,"minecraft:bell_ring":8,"minecraft:leave_game":3,"minecraft:time_since_death":181382,"minecraft:sprint_one_cm":410220,"minecraft:walk_one_cm":333013,"minecraft:damage_blocked_by_shield":395,"minecraft:drop":31,"minecraft:play_time":181382,"minecraft:sneak_time":3032,"minecraft:walk_under_water_one_cm":12862,"minecraft:boat_one_cm":179178,"minecraft:jump":2759,"minecraft:walk_on_water_one_cm":17322,"minecraft:total_world_time":181382,"minecraft:interact_with_furnace":247,"minecraft:sleep_in_bed":5,"minecraft:time_since_rest":10694,"minecraft:damage_taken":1866,"minecraft:damage_dealt":7407,"minecraft:swim_one_cm":139820,"minecraft:fly_one_cm":567518,"minecraft:open_chest":66,"minecraft:crouch_one_cm":8288,"tombstone:undead_killed":1,"minecraft:interact_with_smoker":132,"minecraft:fall_one_cm":73015},"minecraft:killed":{"minecraft:spider":2,"minecraft:skeleton":4,"minecraft:chicken":11,"minecraft:silverfish":3,"minecraft:pig":3,"minecraft:creeper":2,"minecraft:sheep":1,"minecraft:zombie":21,"minecraft:cow":3,"minecraft:enderman":1},"minecraft:crafted":{"minecraft:oak_planks":64,"minecraft:smooth_stone":157,"minecraft:stone_shovel":3,"minecraft:cooked_chicken":7,"minecraft:furnace":9,"minecraft:stone":589,"minecraft:bone_meal":24,"minecraft:stone_pickaxe":1,"minecraft:chest":5,"minecraft:dried_kelp_block":58,"minecraft:stone_hoe":1,"minecraft:smoker":3,"minecraft:wheat":135,"minecraft:crafting_table":2,"minecraft:spruce_planks":284,"minecraft:dried_kelp":534,"minecraft:wooden_pickaxe":1,"minecraft:birch_planks":28,"minecraft:bucket":1,"minecraft:stone_axe":2,"minecraft:bread":45,"minecraft:air":0,"minecraft:iron_chestplate":2,"minecraft:diamond_pickaxe":2,"minecraft:shield":2,"minecraft:stick":52,"minecraft:iron_ingot":31,"minecraft:iron_pickaxe":1,"minecraft:wooden_axe":1,"minecraft:stone_sword":1,"minecraft:acacia_planks":28,"minecraft:torch":68},"minecraft:dropped":{"minecraft:iron_ingot":11,"minecraft:wheat_seeds":1,"minecraft:golden_carrot":4,"minecraft:cornflower":1,"minecraft:wooden_axe":1,"minecraft:spruce_sapling":1,"minecraft:dandelion":3,"minecraft:cobbled_deepslate":1,"minecraft:rotten_flesh":5,"minecraft:oak_planks":1,"minecraft:azure_bluet":1,"minecraft:filled_map":1,"minecraft:shield":2,"minecraft:iron_chestplate":1,"minecraft:diamond_pickaxe":1,"minecraft:wooden_pickaxe":2,"minecraft:stone_pickaxe":1,"minecraft:written_book":3},"minecraft:picked_up":{"minecraft:crafting_table":2,"minecraft:coarse_dirt":3,"minecraft:wheat":14,"minecraft:azure_bluet":2,"minecraft:chicken":11,"minecraft:wooden_pickaxe":1,"minecraft:shield":1,"minecraft:cornflower":2,"minecraft:string":3,"minecraft:raw_copper":2,"minecraft:cobbled_deepslate":308,"minecraft:smooth_stone":5,"minecraft:spruce_planks":45,"minecraft:beef":8,"minecraft:written_book":3,"minecraft:poppy":1,"minecraft:sugar_cane":17,"minecraft:birch_sapling":3,"minecraft:egg":1,"minecraft:raw_copper_block":1,"minecraft:furnace":4,"minecraft:stick":22,"minecraft:raw_iron":70,"minecraft:torch":17,"minecraft:acacia_log":7,"minecraft:porkchop":7,"minecraft:dried_kelp":4,"minecraft:diorite":8,"minecraft:carrot":27,"minecraft:arrow":3,"minecraft:rotten_flesh":15,"minecraft:stone_shovel":1,"minecraft:hay_block":15,"minecraft:mutton":2,"minecraft:cobblestone":313,"minecraft:white_wool":1,"minecraft:birch_log":12,"minecraft:feather":8,"minecraft:andesite":4,"minecraft:leather":5,"minecraft:flint":1,"minecraft:tuff":31,"minecraft:oak_log":16,"minecraft:yellow_bed":2,"minecraft:gunpowder":2,"minecraft:lapis_lazuli":29,"minecraft:dirt":346,"minecraft:bone":5,"minecraft:kelp":700,"minecraft:wheat_seeds":84,"minecraft:raw_gold":1,"minecraft:iron_ingot":6,"minecraft:oak_planks":19,"minecraft:birch_boat":1,"minecraft:dandelion":4,"minecraft:gravel":7,"minecraft:spruce_sapling":23,"minecraft:blast_furnace":1,"minecraft:grass_block":1,"minecraft:white_bed":1,"minecraft:spruce_log":85,"minecraft:spider_eye":1,"minecraft:diamond":38,"minecraft:granite":5,"minecraft:oak_sapling":1,"minecraft:coal":21},"minecraft:mined":{"minecraft:diamond_ore":6,"minecraft:tuff":31,"minecraft:white_bed":1,"minecraft:deepslate_diamond_ore":32,"minecraft:granite":5,"minecraft:acacia_log":9,"minecraft:grass_block":253,"minecraft:brown_mushroom_block":1,"minecraft:spruce_leaves":3,"minecraft:kelp":2,"minecraft:hay_block":15,"minecraft:smooth_stone":5,"minecraft:tall_seagrass":7,"minecraft:spruce_sapling":1,"minecraft:furnace":4,"minecraft:carrots":8,"minecraft:iron_ore":58,"minecraft:fire":1,"minecraft:andesite":4,"minecraft:deepslate_lapis_ore":2,"minecraft:azure_bluet":2,"minecraft:deepslate_iron_ore":4,"minecraft:stone":259,"minecraft:kelp_plant":76,"minecraft:lily_of_the_valley":1,"minecraft:dandelion":2,"minecraft:crafting_table":1,"minecraft:cornflower":2,"minecraft:torch":8,"minecraft:blast_furnace":1,"minecraft:poppy":1,"minecraft:tall_grass":125,"minecraft:copper_ore":1,"minecraft:cobblestone":54,"minecraft:lapis_ore":2,"minecraft:deepslate_gold_ore":1,"minecraft:sugar_cane":11,"minecraft:diorite":8,"minecraft:wall_torch":8,"minecraft:birch_sapling":1,"minecraft:coarse_dirt":3,"minecraft:birch_log":12,"minecraft:wheat":14,"minecraft:spruce_log":85,"minecraft:birch_leaves":5,"minecraft:yellow_bed":2,"minecraft:grass":273,"minecraft:oak_log":16,"minecraft:coal_ore":21,"minecraft:gravel":8,"minecraft:dirt":50,"minecraft:raw_copper_block":1,"minecraft:oak_leaves":3,"minecraft:deepslate":308},"minecraft:broken":{"minecraft:stone_axe":1,"minecraft:iron_pickaxe":1,"minecraft:stone_shovel":4}},"DataVersion":3465}