{"stats":{"minecraft:used":{"minecraft:oak_fence":1,"minecraft:oak_trapdoor":9,"minecraft:stone_sword":84,"minecraft:iron_shovel":153,"minecraft:stone_shovel":439,"minecraft:chest":12,"minecraft:shield":10,"minecraft:cooked_chicken":7,"minecraft:stone_hoe":167,"minecraft:iron_chestplate":1,"minecraft:torch":77,"minecraft:dirt":370,"minecraft:carrot":92,"minecraft:deepslate_tile_slab":12,"minecraft:wooden_axe":31,"minecraft:lava_bucket":2,"minecraft:grass_block":1,"minecraft:birch_sapling":3,"minecraft:golden_carrot":3,"minecraft:written_book":2,"minecraft:oak_sapling":46,"minecraft:furnace":18,"tombstone:gift":2,"minecraft:egg":7,"minecraft:cooked_beef":8,"minecraft:cobbled_deepslate":3,"minecraft:acacia_planks":4,"minecraft:wheat_seeds":80,"minecraft:water_bucket":9,"minecraft:diamond_boots":1,"minecraft:birch_planks":2,"minecraft:stone_pickaxe":121,"minecraft:wooden_pickaxe":16,"minecraft:diamond_axe":213,"minecraft:composter":1,"minecraft:mossy_cobblestone":6,"minecraft:oak_slab":453,"minecraft:crafting_table":6,"minecraft:white_bed":2,"minecraft:spruce_log":2,"minecraft:smoker":3,"minecraft:deepslate_tiles":133,"minecraft:oak_log":87,"minecraft:wooden_hoe":59,"minecraft:diamond_pickaxe":678,"minecraft:apple":2,"minecraft:bread":49,"minecraft:iron_pickaxe":250,"minecraft:gravel":7,"minecraft:spruce_sapling":22,"minecraft:stone_axe":168,"minecraft:cobblestone":526,"minecraft:stripped_oak_wood":1,"minecraft:bucket":12,"minecraft:yellow_bed":2,"minecraft:diamond_leggings":1,"minecraft:coarse_dirt":2,"minecraft:bone_meal":30,"minecraft:smooth_stone":179},"minecraft:killed_by":{"minecraft:iron_golem":1,"minecraft:skeleton":1},"minecraft:custom":{"minecraft:mob_kills":61,"minecraft:interact_with_crafting_table":84,"minecraft:bell_ring":8,"minecraft:leave_game":6,"minecraft:time_since_death":52525,"minecraft:sprint_one_cm":739975,"minecraft:walk_one_cm":643019,"minecraft:damage_blocked_by_shield":395,"minecraft:drop":61,"minecraft:talked_to_villager":3,"minecraft:play_time":289750,"minecraft:sneak_time":6908,"minecraft:deaths":2,"minecraft:walk_under_water_one_cm":12922,"minecraft:boat_one_cm":179178,"minecraft:jump":4657,"minecraft:walk_on_water_one_cm":19356,"minecraft:total_world_time":289750,"minecraft:interact_with_furnace":259,"minecraft:sleep_in_bed":9,"minecraft:time_since_rest":52231,"minecraft:damage_taken":3248,"minecraft:damage_dealt":9484,"minecraft:swim_one_cm":141463,"minecraft:fly_one_cm":944845,"minecraft:open_chest":122,"minecraft:crouch_one_cm":23594,"tombstone:undead_killed":8,"minecraft:interact_with_smoker":138,"minecraft:fall_one_cm":123516},"minecraft:killed":{"minecraft:spider":3,"minecraft:skeleton":7,"minecraft:chicken":12,"minecraft:silverfish":3,"minecraft:pig":3,"minecraft:iron_golem":1,"minecraft:creeper":2,"minecraft:sheep":1,"minecraft:zombie":25,"minecraft:enderman":1,"minecraft:cow":3},"minecraft:crafted":{"minecraft:smooth_stone":157,"minecraft:oak_planks":568,"minecraft:stone_shovel":3,"minecraft:cooked_chicken":7,"minecraft:furnace":9,"minecraft:stone":589,"minecraft:bone_meal":30,"minecraft:oak_trapdoor":8,"minecraft:diamond_leggings":2,"minecraft:polished_deepslate":192,"minecraft:stone_pickaxe":1,"minecraft:chest":6,"minecraft:diamond_boots":1,"minecraft:dried_kelp_block":58,"minecraft:stone_hoe":2,"minecraft:smoker":3,"minecraft:wheat":135,"minecraft:cooked_beef":8,"minecraft:oak_slab":426,"minecraft:diamond_axe":2,"minecraft:crafting_table":2,"minecraft:spruce_planks":284,"minecraft:dried_kelp":534,"minecraft:wooden_pickaxe":1,"minecraft:bucket":1,"minecraft:birch_planks":28,"minecraft:deepslate_tiles":192,"minecraft:stone_axe":2,"minecraft:bread":49,"minecraft:air":0,"minecraft:iron_chestplate":2,"minecraft:wooden_hoe":1,"minecraft:diamond_pickaxe":2,"minecraft:shield":2,"minecraft:stick":60,"minecraft:iron_ingot":86,"minecraft:iron_pickaxe":1,"minecraft:wooden_axe":1,"minecraft:stone_sword":1,"minecraft:iron_shovel":1,"minecraft:composter":1,"minecraft:acacia_planks":36,"minecraft:torch":68,"minecraft:deepslate_bricks":192,"minecraft:shears":1,"minecraft:deepslate_tile_slab":12,"minecraft:diamond_chestplate":1},"minecraft:dropped":{"minecraft:enchanted_book":1,"minecraft:iron_ingot":51,"minecraft:oak_slab":83,"minecraft:wheat_seeds":3,"minecraft:lapis_lazuli":29,"minecraft:diamond_axe":1,"minecraft:diamond_leggings":1,"minecraft:oak_fence":3,"minecraft:cobblestone":51,"minecraft:deepslate_tile_slab":3,"minecraft:cobblestone_stairs":8,"minecraft:stick":3,"minecraft:dirt":88,"minecraft:golden_carrot":4,"minecraft:cornflower":1,"minecraft:wooden_axe":1,"minecraft:spruce_sapling":1,"minecraft:dandelion":3,"minecraft:bricks":2,"minecraft:stone_axe":1,"minecraft:cobbled_deepslate":1,"minecraft:wheat":14,"minecraft:chicken":1,"minecraft:rotten_flesh":10,"minecraft:oak_planks":183,"minecraft:stripped_oak_log":8,"minecraft:azure_bluet":1,"minecraft:filled_map":1,"minecraft:shield":2,"minecraft:diamond_chestplate":1,"minecraft:diamond_pickaxe":1,"minecraft:iron_chestplate":1,"minecraft:stone_pickaxe":1,"minecraft:wooden_pickaxe":2,"minecraft:written_book":4},"minecraft:picked_up":{"minecraft:iron_chestplate":1,"minecraft:crafting_table":4,"minecraft:coarse_dirt":3,"minecraft:wheat":29,"minecraft:azure_bluet":2,"minecraft:chicken":13,"minecraft:wooden_pickaxe":2,"minecraft:oak_stairs":82,"minecraft:shield":1,"minecraft:cornflower":3,"minecraft:string":4,"minecraft:oak_trapdoor":9,"minecraft:raw_copper":2,"minecraft:flint_and_steel":2,"minecraft:deepslate_tiles":25,"minecraft:smooth_stone":206,"minecraft:gold_nugget":1,"minecraft:cobbled_deepslate":414,"minecraft:spruce_planks":49,"minecraft:beef":8,"minecraft:written_book":4,"minecraft:iron_nugget":11,"minecraft:poppy":2,"minecraft:sugar_cane":17,"minecraft:chest":7,"minecraft:birch_sapling":3,"minecraft:furnace":12,"minecraft:raw_copper_block":1,"minecraft:egg":7,"minecraft:stick":83,"minecraft:raw_iron":70,"minecraft:stone":87,"minecraft:oak_door":3,"minecraft:oak_fence":7,"minecraft:torch":63,"minecraft:acacia_log":7,"minecraft:porkchop":7,"minecraft:dried_kelp":20,"minecraft:diorite":8,"minecraft:carrot":75,"minecraft:arrow":4,"minecraft:stone_shovel":1,"minecraft:rotten_flesh":56,"minecraft:hay_block":15,"minecraft:mutton":2,"minecraft:white_wool":1,"minecraft:cobblestone":518,"minecraft:stripped_oak_log":24,"minecraft:birch_log":12,"minecraft:feather":9,"minecraft:andesite":4,"minecraft:leather":5,"minecraft:birch_planks":21,"minecraft:flint":1,"minecraft:tuff":62,"minecraft:oak_log":209,"minecraft:yellow_bed":2,"minecraft:cobblestone_wall":1,"minecraft:gunpowder":5,"minecraft:cobblestone_stairs":16,"minecraft:lapis_lazuli":59,"minecraft:deepslate_tile_slab":3,"minecraft:dirt":793,"minecraft:paper":11,"minecraft:bone":5,"minecraft:apple":5,"minecraft:kelp":700,"minecraft:bow":1,"minecraft:wheat_seeds":99,"minecraft:raw_gold":2,"minecraft:iron_ingot":50,"minecraft:stripped_oak_wood":1,"minecraft:oak_planks":51,"minecraft:oak_slab":154,"minecraft:birch_boat":1,"minecraft:dandelion":5,"minecraft:gravel":7,"minecraft:spruce_sapling":23,"minecraft:blast_furnace":1,"minecraft:grass_block":1,"minecraft:white_bed":2,"minecraft:spruce_log":85,"minecraft:spider_eye":2,"minecraft:mossy_cobblestone":17,"minecraft:diamond":38,"minecraft:stone_axe":1,"minecraft:granite":6,"minecraft:gray_wool":1,"minecraft:oak_sapling":46,"minecraft:bricks":4,"minecraft:coal":23},"minecraft:mined":{"minecraft:deepslate_tiles":25,"minecraft:diamond_ore":6,"minecraft:tuff":31,"minecraft:spruce_planks":4,"minecraft:white_bed":2,"minecraft:farmland":4,"minecraft:mossy_cobblestone":17,"minecraft:deepslate_diamond_ore":32,"minecraft:cobblestone_stairs":8,"minecraft:granite":5,"minecraft:acacia_log":9,"minecraft:grass_block":329,"minecraft:brown_mushroom_block":1,"minecraft:spruce_leaves":7,"minecraft:kelp":2,"minecraft:hay_block":15,"minecraft:smooth_stone":14,"minecraft:tall_seagrass":7,"minecraft:oak_trapdoor":9,"minecraft:carrots":43,"minecraft:spruce_sapling":1,"minecraft:furnace":12,"minecraft:iron_ore":58,"minecraft:fire":1,"minecraft:andesite":4,"minecraft:deepslate_lapis_ore":2,"minecraft:azure_bluet":2,"minecraft:dirt_path":7,"minecraft:deepslate_iron_ore":4,"minecraft:oak_stairs":15,"minecraft:stripped_oak_log":16,"minecraft:stone":286,"minecraft:oak_slab":61,"minecraft:glass_pane":4,"minecraft:kelp_plant":76,"minecraft:lily_of_the_valley":1,"minecraft:dandelion":2,"minecraft:oak_fence":4,"minecraft:cornflower":2,"minecraft:crafting_table":3,"minecraft:torch":37,"minecraft:blast_furnace":1,"minecraft:poppy":1,"minecraft:chest":7,"minecraft:copper_ore":1,"minecraft:tall_grass":131,"minecraft:cobblestone":188,"minecraft:deepslate_gold_ore":1,"minecraft:lapis_ore":2,"minecraft:sugar_cane":11,"minecraft:bricks":2,"minecraft:diorite":8,"minecraft:wall_torch":14,"minecraft:birch_sapling":1,"minecraft:birch_planks":2,"minecraft:coarse_dirt":3,"minecraft:cobblestone_wall":1,"minecraft:birch_log":12,"minecraft:wheat":15,"minecraft:spruce_log":85,"minecraft:birch_leaves":5,"minecraft:stripped_oak_wood":1,"minecraft:yellow_bed":3,"minecraft:grass":300,"minecraft:coal_ore":23,"minecraft:oak_log":104,"minecraft:gravel":8,"minecraft:dirt":127,"minecraft:raw_copper_block":1,"minecraft:deepslate":308,"minecraft:oak_leaves":6},"minecraft:broken":{"minecraft:stone_hoe":1,"minecraft:stone_axe":1,"minecraft:iron_pickaxe":1,"minecraft:wooden_hoe":1,"minecraft:stone_shovel":4}},"DataVersion":3465}