{"stats":{"minecraft:used":{"minecraft:stone_sword":39,"minecraft:iron_shovel":321,"minecraft:flint_and_steel":1,"minecraft:stone_shovel":120,"minecraft:chest":1,"minecraft:spruce_planks":10,"minecraft:shield":16,"minecraft:torch":94,"minecraft:dirt":255,"minecraft:carrot":1,"minecraft:wooden_axe":7,"minecraft:birch_sapling":2,"minecraft:golden_carrot":4,"minecraft:bow":4,"minecraft:written_book":2,"minecraft:oak_sapling":5,"minecraft:furnace":2,"minecraft:egg":1,"minecraft:water_bucket":2,"minecraft:diorite":6,"minecraft:stone_pickaxe":129,"minecraft:wooden_pickaxe":31,"minecraft:birch_boat":1,"minecraft:crafting_table":5,"minecraft:white_bed":1,"minecraft:diamond_pickaxe":659,"minecraft:oxeye_daisy":1,"minecraft:bread":31,"minecraft:iron_pickaxe":251,"minecraft:spruce_sapling":2,"minecraft:stone_axe":181,"minecraft:cobblestone":13,"minecraft:andesite":6,"minecraft:bucket":2,"minecraft:smooth_stone":1},"minecraft:killed_by":{"minecraft:player":1,"minecraft:creeper":1,"minecraft:skeleton":1,"minecraft:zombie":1},"minecraft:custom":{"minecraft:mob_kills":20,"minecraft:interact_with_crafting_table":29,"minecraft:leave_game":6,"minecraft:time_since_death":7902,"minecraft:sprint_one_cm":418291,"minecraft:walk_one_cm":434511,"minecraft:damage_blocked_by_shield":500,"minecraft:drop":32,"minecraft:play_time":174675,"minecraft:deaths":5,"minecraft:sneak_time":1776,"minecraft:walk_under_water_one_cm":10660,"minecraft:boat_one_cm":132879,"minecraft:jump":1908,"minecraft:walk_on_water_one_cm":61768,"minecraft:total_world_time":174675,"minecraft:interact_with_furnace":14,"minecraft:sleep_in_bed":4,"minecraft:time_since_rest":7068,"minecraft:damage_taken":2732,"minecraft:damage_dealt":3327,"minecraft:swim_one_cm":103500,"minecraft:fly_one_cm":278166,"minecraft:player_kills":2,"minecraft:open_chest":28,"minecraft:crouch_one_cm":2049,"minecraft:fall_one_cm":41009},"minecraft:killed":{"minecraft:spider":1,"minecraft:skeleton":5,"minecraft:pig":1,"minecraft:creeper":1,"minecraft:sheep":4,"minecraft:zombie":8},"minecraft:crafted":{"minecraft:smooth_stone":39,"minecraft:oak_planks":24,"minecraft:stone_shovel":1,"minecraft:birch_boat":1,"minecraft:furnace":1,"minecraft:stone_pickaxe":1,"minecraft:wheat":171,"minecraft:crafting_table":3,"minecraft:spruce_planks":28,"minecraft:wooden_pickaxe":1,"minecraft:bucket":1,"minecraft:birch_planks":32,"minecraft:stone_axe":2,"minecraft:bread":57,"minecraft:stick":32,"minecraft:iron_ingot":3,"minecraft:iron_pickaxe":1,"minecraft:wooden_axe":1,"minecraft:stone_sword":1,"minecraft:iron_shovel":2,"minecraft:white_bed":1,"minecraft:torch":72},"minecraft:dropped":{"minecraft:iron_ingot":6,"minecraft:diamond_axe":1,"minecraft:mossy_cobblestone":2,"minecraft:cobblestone":128,"minecraft:oxeye_daisy":1,"minecraft:dirt":29,"minecraft:gray_wool":1,"minecraft:diorite":2,"minecraft:gold_nugget":1,"minecraft:paper":1,"minecraft:string":4,"minecraft:kelp":7,"minecraft:stone_shovel":1,"minecraft:rotten_flesh":8,"minecraft:stripped_oak_log":2,"minecraft:recovery_compass":1,"minecraft:arrow":4,"minecraft:written_book":3},"minecraft:picked_up":{"minecraft:crafting_table":2,"minecraft:iron_chestplate":2,"minecraft:coarse_dirt":1,"minecraft:oak_stairs":18,"minecraft:shield":2,"minecraft:string":4,"minecraft:iron_shovel":1,"minecraft:diamond_leggings":1,"minecraft:gold_nugget":1,"minecraft:smooth_stone":1,"minecraft:bucket":1,"minecraft:spruce_planks":5,"minecraft:written_book":4,"minecraft:chest":1,"minecraft:birch_sapling":2,"minecraft:furnace":1,"minecraft:egg":1,"minecraft:stick":6,"minecraft:raw_iron":79,"minecraft:oak_door":1,"minecraft:torch":39,"minecraft:acacia_log":2,"minecraft:porkchop":2,"minecraft:diorite":10,"minecraft:carrot":1,"minecraft:diamond_chestplate":1,"minecraft:rotten_flesh":22,"minecraft:stone_sword":1,"minecraft:arrow":8,"minecraft:hay_block":19,"minecraft:mutton":4,"minecraft:cobblestone":958,"minecraft:white_wool":2,"minecraft:oxeye_daisy":3,"minecraft:stripped_oak_log":2,"minecraft:birch_log":8,"minecraft:golden_carrot":4,"minecraft:andesite":6,"minecraft:oak_log":44,"minecraft:cobblestone_wall":1,"minecraft:paper":2,"minecraft:lapis_lazuli":100,"minecraft:dirt":666,"minecraft:bone":5,"minecraft:apple":2,"minecraft:kelp":7,"minecraft:bow":2,"minecraft:wheat_seeds":9,"minecraft:iron_ingot":15,"minecraft:oak_slab":2,"minecraft:spruce_sapling":2,"minecraft:spruce_log":7,"minecraft:lily_of_the_valley":1,"minecraft:mossy_cobblestone":2,"minecraft:stone_axe":1,"minecraft:granite":1,"minecraft:diamond_axe":2,"minecraft:gray_wool":2,"minecraft:bread":34,"minecraft:oak_sapling":5,"minecraft:coal":50,"minecraft:diamond_pickaxe":2},"minecraft:mined":{"minecraft:oak_sapling":3,"minecraft:mossy_cobblestone":1,"minecraft:oak_door":1,"minecraft:granite":1,"minecraft:grass_block":351,"minecraft:spruce_leaves":3,"minecraft:hay_block":19,"minecraft:smooth_stone":1,"minecraft:furnace":1,"minecraft:iron_ore":43,"minecraft:fire":1,"minecraft:andesite":6,"minecraft:deepslate_lapis_ore":1,"minecraft:deepslate_iron_ore":6,"minecraft:dirt_path":30,"minecraft:oak_stairs":67,"minecraft:stone":799,"minecraft:oak_slab":3,"minecraft:glass_pane":1,"minecraft:crafting_table":3,"minecraft:torch":15,"minecraft:chest":1,"minecraft:tall_grass":4,"minecraft:cobblestone":165,"minecraft:lapis_ore":5,"minecraft:sugar_cane":3,"minecraft:diorite":7,"minecraft:wall_torch":2,"minecraft:coarse_dirt":1,"minecraft:birch_log":8,"minecraft:spruce_log":7,"minecraft:birch_leaves":7,"minecraft:grass":38,"minecraft:oak_log":45,"minecraft:coal_ore":29,"minecraft:dirt":80,"minecraft:oak_leaves":14},"minecraft:broken":{"minecraft:iron_shovel":1,"minecraft:stone_pickaxe":1,"minecraft:stone_axe":1,"minecraft:iron_pickaxe":1}},"DataVersion":3465}