{"stats":{"minecraft:picked_up":{"minecraft:stripped_oak_log":2,"minecraft:birch_log":8,"minecraft:crafting_table":2,"minecraft:iron_chestplate":1,"minecraft:coarse_dirt":1,"minecraft:golden_carrot":4,"minecraft:oak_log":10,"minecraft:shield":1,"minecraft:lapis_lazuli":50,"minecraft:paper":2,"minecraft:dirt":415,"minecraft:string":4,"minecraft:bone":5,"minecraft:kelp":7,"minecraft:bow":1,"minecraft:wheat_seeds":6,"minecraft:gold_nugget":1,"minecraft:iron_ingot":15,"minecraft:written_book":3,"minecraft:chest":1,"minecraft:birch_sapling":2,"minecraft:furnace":1,"minecraft:stick":4,"minecraft:raw_iron":45,"minecraft:oak_door":1,"minecraft:torch":19,"minecraft:acacia_log":2,"minecraft:porkchop":2,"minecraft:spruce_sapling":2,"minecraft:diorite":4,"minecraft:spruce_log":7,"minecraft:lily_of_the_valley":1,"minecraft:mossy_cobblestone":2,"minecraft:arrow":8,"minecraft:rotten_flesh":11,"minecraft:hay_block":19,"minecraft:gray_wool":2,"minecraft:bread":1,"minecraft:mutton":4,"minecraft:diamond_pickaxe":1,"minecraft:coal":44,"minecraft:white_wool":2,"minecraft:cobblestone":921,"minecraft:oxeye_daisy":1},"minecraft:broken":{"minecraft:stone_pickaxe":1,"minecraft:iron_shovel":1,"minecraft:iron_pickaxe":1},"minecraft:killed":{"minecraft:pig":1,"minecraft:spider":1,"minecraft:creeper":1,"minecraft:skeleton":5,"minecraft:sheep":4,"minecraft:zombie":5},"minecraft:mined":{"minecraft:glass_pane":1,"minecraft:mossy_cobblestone":1,"minecraft:oak_door":1,"minecraft:crafting_table":3,"minecraft:torch":13,"minecraft:grass_block":347,"minecraft:chest":1,"minecraft:tall_grass":4,"minecraft:cobblestone":165,"minecraft:spruce_leaves":3,"minecraft:lapis_ore":5,"minecraft:sugar_cane":3,"minecraft:diorite":3,"minecraft:wall_torch":2,"minecraft:hay_block":19,"minecraft:coarse_dirt":1,"minecraft:furnace":1,"minecraft:birch_log":8,"minecraft:iron_ore":43,"minecraft:fire":1,"minecraft:spruce_log":7,"minecraft:birch_leaves":7,"minecraft:deepslate_lapis_ore":1,"minecraft:grass":34,"minecraft:oak_log":10,"minecraft:coal_ore":29,"minecraft:deepslate_iron_ore":6,"minecraft:dirt":67,"minecraft:stone":772,"minecraft:oak_leaves":7},"minecraft:dropped":{"minecraft:iron_ingot":6,"minecraft:kelp":7,"minecraft:mossy_cobblestone":2,"minecraft:stone_shovel":1,"minecraft:rotten_flesh":8,"minecraft:stripped_oak_log":2,"minecraft:dirt":29,"minecraft:gray_wool":1,"minecraft:diorite":2,"minecraft:gold_nugget":1,"minecraft:arrow":4,"minecraft:paper":1,"minecraft:string":4,"minecraft:written_book":3},"minecraft:used":{"minecraft:water_bucket":1,"minecraft:stone_sword":31,"minecraft:iron_shovel":275,"minecraft:flint_and_steel":1,"minecraft:stone_shovel":120,"minecraft:stone_pickaxe":129,"minecraft:spruce_planks":10,"minecraft:wooden_pickaxe":7,"minecraft:chest":1,"minecraft:shield":15,"minecraft:birch_boat":1,"minecraft:torch":68,"minecraft:dirt":126,"minecraft:crafting_table":4,"minecraft:white_bed":1,"minecraft:diamond_pickaxe":644,"minecraft:wooden_axe":7,"minecraft:bread":23,"minecraft:birch_sapling":2,"minecraft:iron_pickaxe":251,"minecraft:spruce_sapling":2,"minecraft:stone_axe":63,"minecraft:golden_carrot":4,"minecraft:bow":4,"minecraft:written_book":2,"minecraft:furnace":2,"minecraft:bucket":1},"minecraft:crafted":{"minecraft:oak_planks":24,"minecraft:stone_shovel":1,"minecraft:crafting_table":2,"minecraft:spruce_planks":28,"minecraft:wooden_pickaxe":1,"minecraft:birch_boat":1,"minecraft:furnace":1,"minecraft:bucket":1,"minecraft:birch_planks":32,"minecraft:stone_axe":1,"minecraft:bread":57,"minecraft:stick":32,"minecraft:iron_ingot":3,"minecraft:stone_pickaxe":1,"minecraft:iron_pickaxe":1,"minecraft:wooden_axe":1,"minecraft:stone_sword":1,"minecraft:iron_shovel":2,"minecraft:white_bed":1,"minecraft:torch":72,"minecraft:wheat":171},"minecraft:custom":{"minecraft:interact_with_furnace":9,"minecraft:mob_kills":17,"minecraft:interact_with_crafting_table":27,"minecraft:leave_game":5,"minecraft:time_since_death":126609,"minecraft:sleep_in_bed":3,"minecraft:time_since_rest":27553,"minecraft:sprint_one_cm":313957,"minecraft:damage_taken":1800,"minecraft:walk_one_cm":332627,"minecraft:damage_blocked_by_shield":490,"minecraft:drop":27,"minecraft:damage_dealt":2647,"minecraft:swim_one_cm":92508,"minecraft:fly_one_cm":223756,"minecraft:player_kills":2,"minecraft:open_chest":22,"minecraft:crouch_one_cm":1545,"minecraft:play_time":131085,"minecraft:deaths":3,"minecraft:sneak_time":1634,"minecraft:walk_under_water_one_cm":10313,"minecraft:boat_one_cm":132879,"minecraft:jump":1466,"minecraft:walk_on_water_one_cm":57819,"minecraft:total_world_time":131085,"minecraft:fall_one_cm":30007},"minecraft:killed_by":{"minecraft:player":1,"minecraft:skeleton":1,"minecraft:zombie":1}},"DataVersion":3465}