{"stats":{"minecraft:used":{"minecraft:stone_sword":39,"minecraft:iron_shovel":321,"minecraft:flint_and_steel":1,"minecraft:stone_shovel":120,"minecraft:chest":6,"minecraft:spruce_planks":10,"minecraft:shield":17,"minecraft:torch":134,"minecraft:dirt":264,"minecraft:carrot":2,"minecraft:wooden_axe":7,"minecraft:birch_sapling":2,"minecraft:golden_carrot":4,"minecraft:bow":4,"minecraft:written_book":2,"minecraft:oak_sapling":5,"minecraft:furnace":2,"minecraft:egg":1,"minecraft:wheat_seeds":3,"minecraft:water_bucket":2,"minecraft:diorite":6,"minecraft:stone_pickaxe":129,"minecraft:oak_planks":1,"minecraft:wooden_pickaxe":31,"minecraft:birch_boat":1,"minecraft:diamond_axe":75,"minecraft:oak_slab":347,"minecraft:crafting_table":5,"minecraft:white_bed":1,"minecraft:diamond_pickaxe":1201,"minecraft:oxeye_daisy":1,"minecraft:bread":38,"minecraft:iron_pickaxe":251,"minecraft:spruce_sapling":19,"minecraft:stone_axe":181,"minecraft:cobblestone":211,"minecraft:andesite":6,"minecraft:bucket":3,"minecraft:yellow_bed":1,"minecraft:smooth_stone":1},"minecraft:killed_by":{"minecraft:player":1,"minecraft:creeper":1,"minecraft:skeleton":1,"minecraft:zombie":1},"minecraft:custom":{"minecraft:mob_kills":21,"minecraft:interact_with_crafting_table":36,"minecraft:leave_game":7,"minecraft:time_since_death":49859,"minecraft:sprint_one_cm":516974,"minecraft:walk_one_cm":549482,"minecraft:damage_blocked_by_shield":560,"minecraft:drop":35,"minecraft:play_time":216632,"minecraft:deaths":5,"minecraft:sneak_time":4148,"minecraft:walk_under_water_one_cm":12014,"minecraft:boat_one_cm":132879,"minecraft:jump":2195,"minecraft:walk_on_water_one_cm":68466,"minecraft:total_world_time":216632,"minecraft:interact_with_furnace":36,"minecraft:sleep_in_bed":6,"minecraft:time_since_rest":35559,"minecraft:damage_taken":2849,"minecraft:damage_dealt":3575,"minecraft:swim_one_cm":124944,"minecraft:fly_one_cm":326132,"minecraft:player_kills":2,"minecraft:open_chest":54,"minecraft:crouch_one_cm":13813,"tombstone:undead_killed":1,"minecraft:fall_one_cm":46267,"minecraft:horse_one_cm":1676},"minecraft:killed":{"minecraft:spider":1,"minecraft:skeleton":5,"minecraft:pig":1,"minecraft:creeper":1,"minecraft:sheep":4,"minecraft:zombie":9},"minecraft:crafted":{"minecraft:smooth_stone":104,"minecraft:oak_planks":32,"minecraft:stone_shovel":1,"minecraft:birch_boat":1,"minecraft:furnace":1,"minecraft:stone":16,"minecraft:stone_pickaxe":1,"minecraft:chest":3,"minecraft:wheat":171,"minecraft:oak_slab":336,"minecraft:crafting_table":3,"minecraft:spruce_planks":28,"minecraft:wooden_pickaxe":1,"minecraft:bucket":1,"minecraft:birch_planks":32,"minecraft:stone_axe":2,"minecraft:bread":57,"minecraft:stick":48,"minecraft:iron_ingot":52,"minecraft:iron_pickaxe":1,"minecraft:wooden_axe":1,"minecraft:stone_sword":1,"minecraft:iron_shovel":2,"minecraft:white_bed":1,"minecraft:torch":88},"minecraft:dropped":{"minecraft:iron_ingot":6,"minecraft:diamond_axe":2,"minecraft:mossy_cobblestone":2,"minecraft:cobblestone":128,"minecraft:granite":1,"minecraft:oxeye_daisy":1,"minecraft:dirt":29,"minecraft:gray_wool":1,"minecraft:diorite":2,"minecraft:gold_nugget":1,"minecraft:paper":1,"minecraft:string":4,"minecraft:kelp":7,"minecraft:stone_shovel":1,"minecraft:rotten_flesh":8,"minecraft:stripped_oak_log":2,"minecraft:recovery_compass":1,"minecraft:arrow":4,"minecraft:written_book":4},"minecraft:picked_up":{"minecraft:crafting_table":2,"minecraft:iron_chestplate":2,"minecraft:coarse_dirt":1,"minecraft:wheat":14,"minecraft:oak_stairs":18,"minecraft:shield":2,"minecraft:string":4,"minecraft:iron_shovel":1,"minecraft:diamond_leggings":1,"minecraft:gold_nugget":1,"minecraft:smooth_stone":230,"minecraft:bucket":1,"minecraft:spruce_planks":5,"minecraft:written_book":5,"minecraft:chest":3,"minecraft:birch_sapling":2,"minecraft:furnace":1,"minecraft:egg":1,"minecraft:stick":17,"minecraft:raw_iron":95,"minecraft:oak_door":1,"minecraft:oak_fence":3,"minecraft:torch":51,"minecraft:acacia_log":2,"minecraft:porkchop":2,"minecraft:diorite":10,"minecraft:carrot":2,"minecraft:diamond_chestplate":1,"minecraft:rotten_flesh":26,"minecraft:stone_sword":1,"minecraft:arrow":8,"minecraft:hay_block":19,"minecraft:mutton":4,"minecraft:cobblestone":1532,"minecraft:white_wool":2,"minecraft:oxeye_daisy":3,"minecraft:stripped_oak_log":2,"minecraft:birch_log":8,"minecraft:golden_carrot":4,"minecraft:andesite":6,"minecraft:oak_log":44,"minecraft:yellow_bed":1,"minecraft:cobblestone_wall":1,"minecraft:cobblestone_stairs":8,"minecraft:paper":2,"minecraft:lapis_lazuli":100,"minecraft:deepslate_tile_slab":3,"minecraft:dirt":694,"minecraft:bone":6,"minecraft:apple":2,"minecraft:kelp":7,"minecraft:bow":2,"minecraft:wheat_seeds":9,"minecraft:iron_ingot":55,"minecraft:oak_planks":182,"minecraft:oak_slab":13,"minecraft:spruce_sapling":19,"minecraft:spruce_log":64,"minecraft:lily_of_the_valley":1,"minecraft:mossy_cobblestone":2,"minecraft:stone_axe":1,"minecraft:granite":1,"minecraft:diamond_axe":3,"minecraft:gray_wool":2,"minecraft:bread":34,"minecraft:oak_sapling":5,"minecraft:bricks":2,"minecraft:coal":50,"minecraft:diamond_pickaxe":2},"minecraft:mined":{"minecraft:oak_sapling":3,"minecraft:mossy_cobblestone":1,"minecraft:oak_door":1,"minecraft:granite":1,"minecraft:grass_block":351,"minecraft:spruce_leaves":9,"minecraft:hay_block":19,"minecraft:smooth_stone":1,"minecraft:spruce_sapling":1,"minecraft:furnace":1,"minecraft:carrots":1,"minecraft:iron_ore":54,"minecraft:fire":1,"minecraft:andesite":6,"minecraft:deepslate_lapis_ore":1,"minecraft:deepslate_iron_ore":11,"minecraft:dirt_path":30,"minecraft:oak_stairs":67,"minecraft:stone":1322,"minecraft:oak_slab":14,"minecraft:glass_pane":1,"minecraft:crafting_table":3,"minecraft:torch":23,"minecraft:chest":3,"minecraft:tall_grass":8,"minecraft:cobblestone":168,"minecraft:lapis_ore":5,"minecraft:sugar_cane":3,"minecraft:diorite":7,"minecraft:wall_torch":2,"minecraft:coarse_dirt":1,"minecraft:birch_log":8,"minecraft:spruce_log":64,"minecraft:birch_leaves":7,"minecraft:grass":43,"minecraft:oak_log":45,"minecraft:coal_ore":29,"minecraft:dirt":84,"minecraft:oak_leaves":14},"minecraft:broken":{"minecraft:iron_shovel":1,"minecraft:stone_pickaxe":1,"minecraft:stone_axe":1,"minecraft:iron_pickaxe":1}},"DataVersion":3465}