{"stats":{"minecraft:used":{"minecraft:stone_sword":39,"minecraft:iron_shovel":321,"minecraft:flint_and_steel":1,"minecraft:stone_shovel":120,"minecraft:chest":7,"minecraft:spruce_planks":18,"minecraft:shield":17,"minecraft:torch":135,"minecraft:dirt":265,"minecraft:carrot":2,"minecraft:wooden_axe":7,"minecraft:birch_sapling":2,"minecraft:golden_carrot":4,"minecraft:bow":4,"minecraft:written_book":2,"minecraft:oak_sapling":15,"minecraft:furnace":9,"minecraft:egg":2,"minecraft:wheat_seeds":3,"minecraft:water_bucket":2,"minecraft:diorite":6,"minecraft:cobblestone_stairs":8,"minecraft:stone_pickaxe":129,"minecraft:oak_planks":1,"minecraft:wooden_pickaxe":31,"minecraft:birch_boat":1,"minecraft:diamond_axe":211,"minecraft:oak_slab":353,"minecraft:crafting_table":7,"minecraft:white_bed":1,"minecraft:spruce_log":1,"minecraft:smoker":3,"minecraft:oak_log":11,"minecraft:diamond_pickaxe":1217,"minecraft:oxeye_daisy":1,"minecraft:bread":41,"minecraft:oak_button":2,"minecraft:iron_pickaxe":251,"minecraft:iron_door":2,"minecraft:spruce_sapling":19,"minecraft:stone_axe":181,"minecraft:cobblestone":258,"minecraft:andesite":6,"minecraft:bucket":3,"minecraft:yellow_bed":1,"minecraft:smooth_stone":8},"minecraft:killed_by":{"minecraft:player":1,"minecraft:creeper":1,"minecraft:skeleton":1,"minecraft:zombie":1},"minecraft:custom":{"minecraft:mob_kills":22,"minecraft:interact_with_crafting_table":43,"minecraft:leave_game":7,"minecraft:time_since_death":73859,"minecraft:sprint_one_cm":584620,"minecraft:walk_one_cm":611906,"minecraft:damage_blocked_by_shield":560,"minecraft:drop":38,"minecraft:play_time":240632,"minecraft:deaths":5,"minecraft:sneak_time":4378,"minecraft:walk_under_water_one_cm":12014,"minecraft:boat_one_cm":132879,"minecraft:jump":2441,"minecraft:walk_on_water_one_cm":68466,"minecraft:total_world_time":240632,"minecraft:interact_with_furnace":39,"minecraft:sleep_in_bed":6,"minecraft:time_since_rest":59559,"minecraft:damage_taken":2954,"minecraft:damage_dealt":3775,"minecraft:swim_one_cm":124944,"minecraft:fly_one_cm":373930,"minecraft:player_kills":2,"minecraft:open_chest":80,"minecraft:crouch_one_cm":14998,"tombstone:undead_killed":2,"minecraft:fall_one_cm":52672,"minecraft:horse_one_cm":1676},"minecraft:killed":{"minecraft:spider":1,"minecraft:skeleton":5,"minecraft:pig":1,"minecraft:creeper":1,"minecraft:sheep":4,"minecraft:zombie":10},"minecraft:crafted":{"minecraft:smooth_stone":104,"minecraft:oak_planks":72,"minecraft:stone_shovel":1,"minecraft:birch_boat":1,"minecraft:furnace":1,"minecraft:stone":16,"minecraft:stone_pickaxe":1,"minecraft:chest":3,"minecraft:oak_button":4,"minecraft:iron_door":3,"minecraft:wheat":171,"minecraft:oak_slab":348,"minecraft:crafting_table":3,"minecraft:spruce_planks":36,"minecraft:wooden_pickaxe":1,"minecraft:bucket":1,"minecraft:birch_planks":32,"minecraft:stone_axe":2,"minecraft:bread":57,"minecraft:stick":48,"minecraft:iron_ingot":52,"minecraft:iron_pickaxe":1,"minecraft:wooden_axe":1,"minecraft:stone_sword":1,"minecraft:iron_shovel":2,"minecraft:white_bed":1,"minecraft:torch":88},"minecraft:dropped":{"minecraft:iron_ingot":6,"minecraft:diamond_axe":2,"minecraft:oak_log":72,"minecraft:mossy_cobblestone":2,"minecraft:cobblestone":128,"minecraft:granite":1,"minecraft:oxeye_daisy":1,"minecraft:dirt":29,"minecraft:gray_wool":1,"minecraft:diorite":2,"minecraft:gold_nugget":1,"minecraft:paper":1,"minecraft:string":4,"minecraft:kelp":7,"minecraft:stone_shovel":1,"minecraft:rotten_flesh":8,"minecraft:stripped_oak_log":2,"minecraft:recovery_compass":1,"minecraft:flint_and_steel":1,"minecraft:arrow":4,"minecraft:written_book":4},"minecraft:picked_up":{"minecraft:wooden_axe":1,"minecraft:crafting_table":4,"minecraft:iron_chestplate":2,"minecraft:coarse_dirt":3,"minecraft:wheat":14,"minecraft:azure_bluet":1,"minecraft:oak_stairs":18,"minecraft:shield":2,"minecraft:string":7,"minecraft:raw_copper":2,"minecraft:iron_shovel":1,"minecraft:diamond_leggings":1,"minecraft:gold_nugget":1,"minecraft:smooth_stone":230,"minecraft:bucket":1,"minecraft:spruce_planks":50,"minecraft:written_book":5,"minecraft:chest":4,"minecraft:birch_sapling":2,"minecraft:raw_copper_block":1,"minecraft:furnace":8,"minecraft:egg":2,"minecraft:stick":23,"minecraft:raw_iron":95,"minecraft:stone":134,"minecraft:oak_door":2,"minecraft:oak_fence":3,"minecraft:torch":55,"minecraft:acacia_log":2,"minecraft:porkchop":11,"minecraft:diorite":18,"minecraft:carrot":2,"minecraft:diamond_chestplate":1,"minecraft:rotten_flesh":34,"minecraft:stone_sword":1,"minecraft:arrow":11,"minecraft:hay_block":19,"minecraft:mutton":6,"minecraft:cobblestone":1535,"minecraft:white_wool":2,"minecraft:oxeye_daisy":3,"minecraft:stripped_oak_log":2,"minecraft:birch_log":8,"minecraft:feather":6,"minecraft:iron_door":1,"minecraft:golden_carrot":4,"minecraft:andesite":10,"minecraft:leather":2,"minecraft:smoker":3,"minecraft:flint":9,"minecraft:oak_log":137,"minecraft:yellow_bed":1,"minecraft:cobblestone_wall":1,"minecraft:cobblestone_stairs":10,"minecraft:paper":2,"minecraft:lapis_lazuli":110,"minecraft:deepslate_tile_slab":3,"minecraft:dirt":697,"minecraft:bone":6,"minecraft:apple":6,"minecraft:kelp":7,"minecraft:bow":2,"minecraft:wheat_seeds":13,"minecraft:iron_ingot":95,"minecraft:oak_planks":194,"minecraft:oak_slab":23,"minecraft:birch_boat":1,"minecraft:spruce_sapling":19,"minecraft:spruce_log":65,"minecraft:lily_of_the_valley":2,"minecraft:spider_eye":1,"minecraft:mossy_cobblestone":2,"minecraft:stone_axe":1,"minecraft:granite":6,"minecraft:diamond_axe":3,"minecraft:gray_wool":2,"minecraft:emerald":12,"minecraft:bread":34,"minecraft:oak_sapling":16,"minecraft:bricks":2,"minecraft:coal":53,"minecraft:diamond_pickaxe":2},"minecraft:mined":{"minecraft:spruce_planks":4,"minecraft:oak_sapling":3,"minecraft:mossy_cobblestone":1,"minecraft:oak_door":1,"minecraft:cobblestone_stairs":2,"minecraft:granite":1,"minecraft:grass_block":353,"minecraft:spruce_leaves":9,"minecraft:hay_block":19,"minecraft:smooth_stone":1,"minecraft:spruce_sapling":1,"minecraft:furnace":8,"minecraft:carrots":1,"minecraft:iron_ore":54,"minecraft:fire":1,"minecraft:andesite":6,"minecraft:deepslate_lapis_ore":1,"minecraft:deepslate_iron_ore":11,"minecraft:dirt_path":30,"minecraft:oak_stairs":67,"minecraft:stone":1322,"minecraft:oak_slab":17,"minecraft:glass_pane":1,"minecraft:smoker":3,"minecraft:crafting_table":5,"minecraft:torch":26,"minecraft:chest":4,"minecraft:tall_grass":8,"minecraft:cobblestone":171,"minecraft:lapis_ore":5,"minecraft:sugar_cane":3,"minecraft:iron_door":1,"minecraft:diorite":7,"minecraft:wall_torch":3,"minecraft:coarse_dirt":1,"minecraft:birch_log":8,"minecraft:spruce_log":65,"minecraft:birch_leaves":7,"minecraft:grass":45,"minecraft:oak_log":139,"minecraft:coal_ore":29,"minecraft:dirt":85,"minecraft:oak_leaves":39},"minecraft:broken":{"minecraft:iron_shovel":1,"minecraft:stone_pickaxe":1,"minecraft:stone_axe":1,"minecraft:iron_pickaxe":1}},"DataVersion":3465}