{"stats":{"minecraft:used":{"minecraft:moss_block":6,"minecraft:stone_sword":23,"minecraft:flint_and_steel":5,"minecraft:tropical_fish":2,"minecraft:chest":1,"minecraft:shield":40,"minecraft:iron_sword":199,"minecraft:player_head":1,"minecraft:rotten_flesh":43,"minecraft:iron_chestplate":1,"minecraft:torch":7,"minecraft:dirt":8,"minecraft:mutton":2,"minecraft:axolotl_bucket":3,"minecraft:dark_oak_planks":39,"minecraft:wooden_axe":35,"minecraft:flowering_azalea":1,"minecraft:lava_bucket":15,"minecraft:iron_axe":73,"minecraft:iron_helmet":1,"minecraft:iron_boots":1,"minecraft:beef":2,"minecraft:furnace":7,"tombstone:gift":4,"minecraft:egg":1,"minecraft:cooked_beef":4,"minecraft:potato":2,"minecraft:cooked_mutton":7,"minecraft:water_bucket":99,"minecraft:diorite":1,"minecraft:stone_pickaxe":26,"minecraft:oak_planks":32,"minecraft:ender_pearl":1,"minecraft:wooden_pickaxe":84,"minecraft:glow_berries":9,"minecraft:crafting_table":10,"minecraft:white_bed":5,"minecraft:dark_oak_door":2,"minecraft:iron_pickaxe":244,"minecraft:leather_helmet":2,"tombstone:grave_key":5,"minecraft:gravel":23,"minecraft:cobblestone":67,"minecraft:porkchop":7,"minecraft:cooked_porkchop":2,"minecraft:bucket":119,"minecraft:birch_stairs":75},"minecraft:killed_by":{"minecraft:player":1,"minecraft:creeper":1,"minecraft:spider":1,"minecraft:piglin":2,"minecraft:hoglin":1,"minecraft:skeleton":3},"minecraft:custom":{"minecraft:mob_kills":70,"minecraft:interact_with_crafting_table":35,"minecraft:leave_game":7,"minecraft:time_since_death":20820,"minecraft:climb_one_cm":738,"minecraft:sprint_one_cm":501687,"minecraft:walk_one_cm":534808,"minecraft:damage_blocked_by_shield":2920,"minecraft:drop":79,"minecraft:play_time":200966,"minecraft:deaths":12,"minecraft:sneak_time":3387,"minecraft:walk_under_water_one_cm":26722,"minecraft:boat_one_cm":198360,"minecraft:jump":2827,"minecraft:walk_on_water_one_cm":31207,"minecraft:total_world_time":200966,"minecraft:interact_with_furnace":40,"minecraft:sleep_in_bed":7,"minecraft:time_since_rest":2971,"minecraft:damage_taken":5215,"minecraft:damage_dealt":12483,"minecraft:fly_one_cm":420516,"minecraft:swim_one_cm":55428,"minecraft:open_chest":15,"minecraft:crouch_one_cm":9053,"tombstone:undead_killed":29,"minecraft:fall_one_cm":54458},"minecraft:killed":{"minecraft:spider":5,"minecraft:skeleton":11,"minecraft:piglin":1,"minecraft:pig":4,"minecraft:sheep":6,"minecraft:zombie":38,"minecraft:cow":3,"minecraft:enderman":2},"minecraft:dropped":{"minecraft:ender_pearl":1,"minecraft:diamond":1,"minecraft:cobblestone":67,"minecraft:glow_berries":4,"minecraft:tropical_fish":1,"minecraft:golden_apple":1,"minecraft:coal":27,"minecraft:stick":4,"minecraft:lava_bucket":2,"minecraft:dirt":38,"minecraft:diorite":18,"minecraft:torch":1,"tombstone:grave_key":1,"minecraft:brown_wool":1,"tombstone:grave_dust":1,"minecraft:flowering_azalea":1,"minecraft:gold_ingot":6,"minecraft:bone":4,"minecraft:gravel":8,"minecraft:stone_sword":2,"minecraft:cobbled_deepslate":20,"minecraft:birch_sapling":2,"minecraft:wheat":3,"minecraft:raw_iron":34,"minecraft:rotten_flesh":2,"minecraft:gunpowder":2,"minecraft:stone_pickaxe":2,"minecraft:raw_gold":5},"minecraft:crafted":{"minecraft:oak_planks":48,"minecraft:furnace":1,"minecraft:cooked_mutton":7,"minecraft:flint_and_steel":1,"minecraft:dark_oak_door":3,"minecraft:iron_boots":1,"minecraft:iron_axe":1,"minecraft:stone_pickaxe":1,"minecraft:chest":1,"minecraft:dark_oak_planks":48,"minecraft:cooked_beef":4,"minecraft:cooked_porkchop":2,"minecraft:crafting_table":2,"minecraft:wooden_pickaxe":2,"minecraft:iron_helmet":1,"minecraft:iron_sword":2,"minecraft:leather_helmet":1,"minecraft:bucket":2,"minecraft:birch_planks":140,"minecraft:air":0,"minecraft:iron_chestplate":1,"minecraft:shield":1,"minecraft:stick":20,"minecraft:iron_ingot":42,"minecraft:iron_pickaxe":2,"minecraft:wooden_axe":1,"minecraft:stone_sword":1,"minecraft:iron_leggings":1,"minecraft:white_bed":2,"minecraft:torch":4,"minecraft:birch_stairs":68},"minecraft:picked_up":{"minecraft:crafting_table":9,"minecraft:wheat":3,"minecraft:clay_ball":2,"minecraft:enchanted_book":1,"minecraft:string":19,"minecraft:raw_copper":4,"minecraft:cobbled_deepslate":43,"minecraft:beef":6,"minecraft:player_head":1,"minecraft:sugar_cane":7,"minecraft:birch_sapling":2,"minecraft:egg":3,"minecraft:furnace":6,"minecraft:dark_oak_door":3,"minecraft:stick":4,"minecraft:raw_iron":103,"minecraft:torch":6,"minecraft:porkchop":9,"tombstone:grave_dust":1,"minecraft:diorite":20,"minecraft:redstone":18,"minecraft:dark_oak_planks":8,"minecraft:stone_sword":1,"minecraft:arrow":2,"minecraft:rotten_flesh":38,"minecraft:tropical_fish":3,"minecraft:glow_berries":13,"minecraft:mutton":10,"minecraft:white_wool":9,"minecraft:cobblestone":114,"minecraft:birch_log":35,"minecraft:brown_wool":2,"minecraft:leather":5,"minecraft:potato":1,"minecraft:birch_planks":5,"minecraft:flint":3,"minecraft:oak_log":12,"minecraft:gunpowder":2,"minecraft:lapis_lazuli":120,"minecraft:dirt":59,"tombstone:gift":2,"minecraft:bone":9,"minecraft:wheat_seeds":2,"minecraft:raw_gold":23,"minecraft:stone_pickaxe":2,"minecraft:iron_ingot":3,"minecraft:soul_sand":3,"minecraft:moss_block":6,"minecraft:oak_planks":13,"minecraft:flowering_azalea":2,"minecraft:lava_bucket":1,"minecraft:gravel":32,"minecraft:birch_stairs":7,"minecraft:white_bed":3,"minecraft:grass_block":1,"minecraft:dark_oak_log":12,"minecraft:spider_eye":3,"minecraft:leather_helmet":1,"minecraft:diamond":1,"minecraft:granite":8,"minecraft:oak_sapling":3,"tombstone:magic_scroll":1,"minecraft:coal":115,"minecraft:ender_pearl":2},"minecraft:mined":{"minecraft:dark_oak_planks":8,"minecraft:tuff":6,"minecraft:white_bed":2,"minecraft:deepslate_diamond_ore":1,"minecraft:dark_oak_log":12,"minecraft:granite":8,"minecraft:grass_block":11,"minecraft:moss_block":6,"minecraft:spawner":1,"minecraft:redstone_ore":3,"minecraft:furnace":6,"minecraft:iron_ore":78,"minecraft:deepslate_iron_ore":1,"minecraft:stone":98,"minecraft:player_head":1,"minecraft:deepslate_redstone_ore":1,"minecraft:birch_stairs":7,"minecraft:flowering_azalea":2,"minecraft:crimson_nylium":9,"minecraft:crafting_table":9,"minecraft:torch":1,"minecraft:tall_grass":2,"minecraft:cobblestone":3,"minecraft:lapis_ore":8,"minecraft:deepslate_gold_ore":12,"minecraft:oak_planks":7,"minecraft:sugar_cane":3,"minecraft:sculk":7,"minecraft:diorite":12,"minecraft:wall_torch":5,"minecraft:nether_wart_block":1,"minecraft:birch_log":33,"minecraft:birch_leaves":3,"minecraft:grass":3,"minecraft:oak_log":12,"minecraft:coal_ore":33,"minecraft:gravel":32,"minecraft:dirt":17,"minecraft:netherrack":10,"minecraft:gold_ore":6,"minecraft:oak_leaves":22,"minecraft:deepslate":29},"minecraft:broken":{"minecraft:wooden_pickaxe":1,"minecraft:shield":1,"minecraft:wooden_axe":1}},"DataVersion":3465}