{"stats":{"minecraft:used":{"minecraft:beetroot":3,"minecraft:moss_block":6,"minecraft:stone_sword":23,"minecraft:flint_and_steel":5,"minecraft:tropical_fish":2,"minecraft:chest":1,"minecraft:shield":40,"minecraft:iron_sword":342,"minecraft:player_head":1,"minecraft:rotten_flesh":62,"minecraft:iron_chestplate":1,"minecraft:torch":11,"minecraft:dirt":38,"minecraft:mutton":2,"minecraft:tuff":26,"minecraft:axolotl_bucket":3,"minecraft:dark_oak_planks":39,"minecraft:wooden_axe":35,"minecraft:flowering_azalea":1,"minecraft:lava_bucket":15,"minecraft:grass_block":1,"minecraft:iron_axe":94,"minecraft:iron_helmet":1,"minecraft:iron_boots":1,"minecraft:beef":2,"minecraft:furnace":7,"minecraft:beetroot_seeds":9,"tombstone:gift":6,"minecraft:egg":2,"minecraft:potato":2,"minecraft:cooked_beef":8,"minecraft:cobbled_deepslate":56,"minecraft:cooked_mutton":7,"minecraft:water_bucket":182,"minecraft:diorite":1,"minecraft:oak_planks":52,"minecraft:stone_pickaxe":26,"minecraft:ender_pearl":1,"minecraft:wooden_pickaxe":84,"minecraft:glow_berries":9,"minecraft:crafting_table":13,"minecraft:white_bed":5,"minecraft:dark_oak_door":2,"minecraft:diamond_pickaxe":18,"minecraft:iron_pickaxe":492,"minecraft:leather_helmet":2,"tombstone:grave_key":8,"minecraft:gravel":23,"minecraft:diamond_sword":5,"minecraft:cobblestone":67,"minecraft:porkchop":9,"minecraft:cooked_porkchop":2,"minecraft:bucket":201,"minecraft:diamond_leggings":1,"minecraft:birch_stairs":79},"minecraft:killed_by":{"minecraft:player":1,"minecraft:creeper":2,"minecraft:spider":1,"minecraft:drowned":3,"minecraft:piglin":2,"minecraft:hoglin":1,"minecraft:skeleton":4,"minecraft:zombie":1},"minecraft:custom":{"minecraft:mob_kills":112,"minecraft:interact_with_crafting_table":44,"minecraft:leave_game":8,"minecraft:time_since_death":27798,"minecraft:climb_one_cm":738,"minecraft:sprint_one_cm":637051,"minecraft:walk_one_cm":872262,"minecraft:damage_blocked_by_shield":2920,"minecraft:drop":105,"minecraft:talked_to_villager":1,"minecraft:play_time":284472,"minecraft:deaths":19,"minecraft:sneak_time":6038,"minecraft:walk_under_water_one_cm":38059,"minecraft:boat_one_cm":198360,"minecraft:jump":3996,"minecraft:walk_on_water_one_cm":46963,"minecraft:total_world_time":284472,"minecraft:interact_with_furnace":54,"minecraft:sleep_in_bed":8,"minecraft:time_since_rest":26236,"minecraft:damage_taken":8014,"minecraft:damage_dealt":19132,"minecraft:swim_one_cm":74625,"minecraft:fly_one_cm":559278,"minecraft:open_chest":22,"minecraft:crouch_one_cm":14601,"tombstone:undead_killed":55,"minecraft:fall_one_cm":78001,"minecraft:horse_one_cm":140566},"minecraft:killed":{"minecraft:spider":8,"minecraft:skeleton":15,"minecraft:drowned":1,"minecraft:piglin":1,"minecraft:pig":6,"minecraft:creeper":1,"minecraft:sheep":6,"minecraft:zombie":59,"minecraft:cow":11,"minecraft:enderman":2},"minecraft:dropped":{"minecraft:cooked_beef":5,"minecraft:ender_pearl":1,"minecraft:diamond":1,"minecraft:iron_helmet":1,"minecraft:cobblestone":67,"minecraft:glow_berries":4,"minecraft:saddle":1,"minecraft:tropical_fish":1,"minecraft:leather_helmet":5,"minecraft:coal":27,"minecraft:golden_apple":1,"minecraft:stick":5,"minecraft:lava_bucket":2,"minecraft:dirt":38,"minecraft:diorite":18,"minecraft:torch":1,"tombstone:grave_key":1,"minecraft:brown_wool":1,"tombstone:grave_dust":1,"minecraft:iron_leggings":5,"minecraft:golden_hoe":1,"minecraft:flowering_azalea":1,"minecraft:iron_pickaxe":1,"minecraft:gold_ingot":6,"minecraft:bone":4,"minecraft:gravel":8,"minecraft:stone_sword":2,"minecraft:cobbled_deepslate":20,"minecraft:birch_sapling":2,"minecraft:wheat":3,"minecraft:raw_iron":34,"minecraft:rotten_flesh":2,"minecraft:oak_planks":10,"minecraft:gunpowder":2,"minecraft:iron_chestplate":3,"minecraft:oak_sapling":2,"minecraft:stone_pickaxe":2,"minecraft:raw_gold":5},"minecraft:crafted":{"minecraft:oak_planks":48,"minecraft:furnace":1,"minecraft:cooked_mutton":7,"minecraft:flint_and_steel":1,"minecraft:dark_oak_door":3,"minecraft:diamond_helmet":1,"minecraft:diamond_leggings":1,"minecraft:iron_boots":1,"minecraft:iron_axe":1,"minecraft:stone_pickaxe":1,"minecraft:chest":1,"minecraft:diamond_boots":1,"minecraft:dark_oak_planks":48,"minecraft:cooked_beef":15,"minecraft:diamond_sword":1,"minecraft:cooked_porkchop":2,"minecraft:crafting_table":2,"minecraft:wooden_pickaxe":2,"minecraft:iron_helmet":1,"minecraft:iron_sword":3,"minecraft:leather_helmet":1,"minecraft:bucket":2,"minecraft:birch_planks":140,"minecraft:air":0,"minecraft:iron_chestplate":1,"minecraft:diamond_pickaxe":1,"minecraft:shield":1,"minecraft:stick":20,"minecraft:iron_ingot":42,"minecraft:iron_pickaxe":2,"minecraft:wooden_axe":1,"minecraft:stone_sword":1,"minecraft:iron_leggings":1,"minecraft:white_bed":2,"minecraft:torch":4,"minecraft:birch_stairs":68,"minecraft:diamond_chestplate":1},"minecraft:picked_up":{"minecraft:iron_chestplate":2,"minecraft:crafting_table":12,"minecraft:wheat":3,"minecraft:clay_ball":2,"minecraft:enchanted_book":1,"minecraft:string":20,"minecraft:raw_copper":4,"minecraft:iron_leggings":4,"minecraft:beetroot":3,"minecraft:cobbled_deepslate":165,"minecraft:beef":20,"minecraft:player_head":1,"minecraft:iron_pickaxe":1,"minecraft:sugar_cane":7,"minecraft:birch_sapling":2,"minecraft:furnace":6,"minecraft:egg":4,"minecraft:dark_oak_door":3,"minecraft:stick":6,"minecraft:raw_iron":107,"minecraft:torch":10,"minecraft:porkchop":13,"tombstone:grave_dust":9,"minecraft:diorite":23,"minecraft:carrot":1,"minecraft:redstone":18,"minecraft:dark_oak_planks":8,"minecraft:stone_sword":1,"minecraft:arrow":5,"minecraft:rotten_flesh":61,"minecraft:tropical_fish":3,"minecraft:beetroot_seeds":9,"minecraft:glow_berries":13,"minecraft:mutton":10,"minecraft:white_wool":9,"minecraft:cobblestone":120,"minecraft:birch_log":35,"minecraft:cooked_beef":1,"minecraft:andesite":11,"minecraft:brown_wool":2,"minecraft:leather":11,"minecraft:potato":1,"minecraft:birch_planks":5,"minecraft:flint":3,"minecraft:tuff":26,"minecraft:oak_log":12,"minecraft:gunpowder":2,"minecraft:lapis_lazuli":120,"minecraft:dirt":79,"tombstone:gift":2,"minecraft:bone":15,"minecraft:wheat_seeds":2,"minecraft:raw_gold":23,"minecraft:stone_pickaxe":2,"minecraft:iron_ingot":3,"minecraft:moss_block":6,"minecraft:flowering_azalea":2,"minecraft:oak_planks":36,"minecraft:soul_sand":3,"minecraft:lava_bucket":1,"minecraft:gravel":32,"minecraft:birch_stairs":11,"minecraft:white_bed":3,"minecraft:grass_block":1,"minecraft:dark_oak_log":12,"minecraft:spider_eye":3,"minecraft:leather_helmet":4,"minecraft:diamond":45,"minecraft:iron_helmet":1,"minecraft:granite":8,"minecraft:oak_sapling":5,"tombstone:magic_scroll":1,"minecraft:coal":115,"minecraft:ender_pearl":2},"minecraft:mined":{"minecraft:dark_oak_planks":8,"minecraft:tuff":32,"minecraft:white_bed":2,"minecraft:deepslate_diamond_ore":45,"minecraft:dark_oak_log":12,"minecraft:granite":8,"minecraft:grass_block":19,"minecraft:moss_block":6,"minecraft:spawner":1,"minecraft:redstone_ore":3,"minecraft:furnace":6,"minecraft:cobbled_deepslate":1,"minecraft:iron_ore":78,"minecraft:andesite":11,"minecraft:deepslate_iron_ore":5,"minecraft:stone":151,"minecraft:player_head":1,"minecraft:deepslate_redstone_ore":1,"minecraft:birch_stairs":8,"minecraft:flowering_azalea":2,"minecraft:crimson_nylium":9,"minecraft:crafting_table":12,"minecraft:torch":1,"minecraft:tall_grass":4,"minecraft:cobblestone":3,"minecraft:lapis_ore":8,"minecraft:deepslate_gold_ore":12,"minecraft:sugar_cane":3,"minecraft:oak_planks":20,"minecraft:sculk":7,"minecraft:diorite":15,"minecraft:wall_torch":9,"minecraft:nether_wart_block":1,"minecraft:birch_log":33,"minecraft:birch_leaves":3,"minecraft:grass":13,"minecraft:oak_log":12,"minecraft:coal_ore":33,"minecraft:beetroots":3,"minecraft:sand":2,"minecraft:gravel":32,"minecraft:dirt":44,"minecraft:netherrack":10,"minecraft:gold_ore":6,"minecraft:oak_leaves":44,"minecraft:deepslate":152},"minecraft:broken":{"minecraft:iron_boots":1,"minecraft:wooden_pickaxe":1,"minecraft:shield":1,"minecraft:iron_pickaxe":1,"minecraft:iron_helmet":1,"minecraft:wooden_axe":1}},"DataVersion":3465}