{"stats":{"minecraft:used":{"minecraft:cooked_mutton":3,"minecraft:moss_block":6,"minecraft:water_bucket":83,"minecraft:diorite":1,"minecraft:stone_sword":23,"minecraft:flint_and_steel":1,"minecraft:tropical_fish":2,"minecraft:stone_pickaxe":16,"minecraft:wooden_pickaxe":25,"minecraft:shield":21,"minecraft:iron_sword":68,"minecraft:player_head":1,"minecraft:rotten_flesh":5,"minecraft:iron_chestplate":1,"minecraft:glow_berries":9,"minecraft:dirt":1,"minecraft:mutton":1,"minecraft:crafting_table":8,"minecraft:white_bed":1,"minecraft:axolotl_bucket":3,"minecraft:wooden_axe":35,"minecraft:flowering_azalea":1,"minecraft:lava_bucket":11,"minecraft:iron_axe":15,"minecraft:iron_pickaxe":142,"minecraft:leather_helmet":1,"minecraft:iron_boots":1,"minecraft:gravel":18,"minecraft:cobblestone":11,"minecraft:beef":2,"minecraft:furnace":5,"minecraft:bucket":99,"minecraft:cooked_beef":4},"minecraft:killed_by":{"minecraft:player":1,"minecraft:skeleton":1},"minecraft:custom":{"minecraft:interact_with_furnace":28,"minecraft:mob_kills":36,"minecraft:interact_with_crafting_table":20,"minecraft:leave_game":3,"minecraft:time_since_death":28551,"minecraft:sleep_in_bed":1,"minecraft:climb_one_cm":292,"minecraft:time_since_rest":13124,"minecraft:sprint_one_cm":144741,"minecraft:damage_taken":1257,"minecraft:walk_one_cm":190458,"minecraft:damage_blocked_by_shield":985,"minecraft:drop":7,"minecraft:damage_dealt":5892,"minecraft:swim_one_cm":16056,"minecraft:fly_one_cm":145807,"minecraft:crouch_one_cm":392,"minecraft:play_time":73336,"tombstone:undead_killed":6,"minecraft:deaths":2,"minecraft:sneak_time":225,"minecraft:walk_under_water_one_cm":3820,"minecraft:boat_one_cm":198360,"minecraft:jump":943,"minecraft:walk_on_water_one_cm":10718,"minecraft:total_world_time":73336,"minecraft:fall_one_cm":11166},"minecraft:killed":{"minecraft:spider":1,"minecraft:sheep":6,"minecraft:skeleton":6,"minecraft:zombie":20,"minecraft:cow":3},"minecraft:dropped":{"minecraft:glow_berries":4,"minecraft:tropical_fish":1,"minecraft:gunpowder":2,"minecraft:bone":4},"minecraft:crafted":{"minecraft:cooked_beef":4,"minecraft:crafting_table":1,"minecraft:wooden_pickaxe":1,"minecraft:iron_helmet":1,"minecraft:iron_sword":1,"minecraft:furnace":1,"minecraft:leather_helmet":1,"minecraft:bucket":2,"minecraft:birch_planks":48,"minecraft:cooked_mutton":7,"minecraft:air":0,"minecraft:flint_and_steel":1,"minecraft:iron_boots":1,"minecraft:iron_chestplate":1,"minecraft:shield":1,"minecraft:iron_axe":1,"minecraft:stick":16,"minecraft:iron_ingot":37,"minecraft:iron_pickaxe":1,"minecraft:stone_pickaxe":1,"minecraft:wooden_axe":1,"minecraft:stone_sword":1,"minecraft:iron_leggings":1,"minecraft:white_bed":1,"minecraft:torch":4},"minecraft:picked_up":{"minecraft:birch_log":12,"minecraft:crafting_table":8,"minecraft:clay_ball":2,"minecraft:leather":5,"minecraft:flint":1,"minecraft:gunpowder":2,"minecraft:dirt":17,"minecraft:lapis_lazuli":60,"minecraft:string":3,"minecraft:raw_copper":2,"minecraft:bone":8,"minecraft:cobbled_deepslate":1,"minecraft:raw_gold":6,"minecraft:iron_ingot":3,"minecraft:beef":6,"minecraft:player_head":1,"minecraft:sugar_cane":7,"minecraft:moss_block":6,"minecraft:birch_sapling":2,"minecraft:flowering_azalea":2,"minecraft:furnace":5,"minecraft:raw_iron":95,"minecraft:gravel":18,"minecraft:diorite":2,"minecraft:white_bed":1,"minecraft:redstone":18,"minecraft:dark_oak_log":12,"minecraft:rotten_flesh":16,"minecraft:tropical_fish":3,"minecraft:glow_berries":13,"minecraft:mutton":8,"minecraft:coal":86,"minecraft:white_wool":6,"minecraft:cobblestone":39},"minecraft:mined":{"minecraft:deepslate_redstone_ore":1,"minecraft:flowering_azalea":2,"minecraft:white_bed":1,"minecraft:dark_oak_log":12,"minecraft:crafting_table":8,"minecraft:grass_block":8,"minecraft:tall_grass":2,"minecraft:cobblestone":3,"minecraft:lapis_ore":8,"minecraft:deepslate_gold_ore":6,"minecraft:sugar_cane":3,"minecraft:moss_block":6,"minecraft:diorite":2,"minecraft:redstone_ore":3,"minecraft:furnace":5,"minecraft:birch_log":10,"minecraft:iron_ore":70,"minecraft:birch_leaves":3,"minecraft:grass":3,"minecraft:coal_ore":31,"minecraft:deepslate_iron_ore":1,"minecraft:gravel":19,"minecraft:dirt":9,"minecraft:stone":35,"minecraft:player_head":1,"minecraft:deepslate":1},"minecraft:broken":{"minecraft:wooden_axe":1}},"DataVersion":3465}