{"stats":{"minecraft:broken":{"minecraft:iron_boots":1,"minecraft:wooden_pickaxe":1,"minecraft:shield":1,"minecraft:iron_pickaxe":1,"minecraft:iron_helmet":1,"minecraft:wooden_axe":1},"minecraft:custom":{"minecraft:mob_kills":130,"minecraft:interact_with_crafting_table":49,"minecraft:leave_game":10,"minecraft:time_since_death":16895,"minecraft:climb_one_cm":946,"minecraft:sprint_one_cm":903235,"minecraft:walk_one_cm":1155295,"minecraft:damage_blocked_by_shield":4375,"minecraft:drop":139,"minecraft:talked_to_villager":1,"minecraft:play_time":369915,"minecraft:sneak_time":7742,"minecraft:deaths":29,"minecraft:walk_under_water_one_cm":45943,"minecraft:boat_one_cm":198360,"minecraft:jump":5521,"minecraft:walk_on_water_one_cm":52315,"minecraft:enchant_item":2,"minecraft:total_world_time":369915,"minecraft:interact_with_furnace":68,"minecraft:sleep_in_bed":8,"minecraft:time_since_rest":16654,"minecraft:damage_taken":12078,"minecraft:damage_dealt":22744,"minecraft:swim_one_cm":149912,"minecraft:fly_one_cm":834612,"minecraft:open_chest":32,"minecraft:crouch_one_cm":19504,"tombstone:undead_killed":65,"minecraft:fall_one_cm":119253,"minecraft:horse_one_cm":140566},"minecraft:killed_by":{"minecraft:ghast":1,"minecraft:player":1,"minecraft:piglin_brute":2,"minecraft:creeper":2,"minecraft:spider":1,"minecraft:drowned":3,"minecraft:piglin":3,"minecraft:hoglin":1,"minecraft:skeleton":6,"minecraft:zombie":2},"minecraft:killed":{"minecraft:cave_spider":3,"minecraft:spider":9,"minecraft:skeleton":23,"minecraft:drowned":1,"minecraft:piglin":2,"minecraft:pig":8,"minecraft:creeper":1,"minecraft:sheep":6,"minecraft:zombie":61,"minecraft:enderman":3,"minecraft:cow":11},"minecraft:used":{"minecraft:beetroot":3,"minecraft:moss_block":6,"minecraft:enchanting_table":1,"minecraft:stone_sword":23,"minecraft:flint_and_steel":5,"minecraft:tropical_fish":2,"minecraft:chest":1,"minecraft:shield":56,"minecraft:iron_sword":342,"minecraft:rotten_flesh":66,"minecraft:player_head":1,"minecraft:iron_chestplate":1,"minecraft:torch":11,"minecraft:soul_sand":2,"minecraft:dirt":38,"minecraft:mutton":2,"minecraft:carrot":2,"minecraft:axolotl_bucket":3,"minecraft:tuff":26,"minecraft:dark_oak_planks":39,"minecraft:wooden_axe":35,"minecraft:flowering_azalea":1,"minecraft:lava_bucket":15,"minecraft:iron_axe":95,"minecraft:grass_block":1,"minecraft:iron_helmet":1,"minecraft:iron_boots":1,"minecraft:diamond_chestplate":1,"minecraft:beef":2,"minecraft:oak_sapling":3,"minecraft:furnace":9,"minecraft:beetroot_seeds":9,"tombstone:gift":6,"minecraft:egg":2,"minecraft:potato":2,"minecraft:cooked_beef":11,"minecraft:cobbled_deepslate":58,"minecraft:wheat_seeds":41,"minecraft:cooked_mutton":7,"minecraft:water_bucket":189,"minecraft:diorite":1,"minecraft:oak_planks":92,"minecraft:stone_pickaxe":26,"minecraft:blackstone":102,"minecraft:ender_pearl":1,"minecraft:wooden_pickaxe":84,"minecraft:glow_berries":9,"minecraft:crafting_table":14,"minecraft:white_bed":5,"minecraft:dark_oak_door":2,"minecraft:diamond_pickaxe":472,"minecraft:bread":4,"minecraft:iron_pickaxe":492,"minecraft:leather_helmet":2,"tombstone:grave_key":12,"minecraft:gravel":23,"minecraft:stone_axe":31,"minecraft:diamond_sword":77,"minecraft:cobblestone":67,"minecraft:porkchop":11,"minecraft:cooked_porkchop":6,"minecraft:bucket":210,"minecraft:bone_meal":36,"minecraft:diamond_leggings":1,"minecraft:tropical_fish_bucket":1,"minecraft:birch_stairs":85},"minecraft:mined":{"minecraft:dark_oak_planks":8,"minecraft:tuff":32,"minecraft:white_bed":2,"minecraft:dark_oak_leaves":5,"minecraft:deepslate_diamond_ore":45,"minecraft:dark_oak_log":12,"minecraft:obsidian":10,"minecraft:granite":8,"minecraft:grass_block":20,"minecraft:cracked_polished_blackstone_bricks":11,"minecraft:soul_soil":5,"minecraft:moss_block":6,"minecraft:spawner":1,"minecraft:gilded_blackstone":3,"minecraft:polished_blackstone_bricks":4,"minecraft:redstone_ore":3,"minecraft:furnace":8,"minecraft:iron_ore":78,"minecraft:cobbled_deepslate":4,"minecraft:andesite":11,"minecraft:deepslate_iron_ore":5,"minecraft:small_amethyst_bud":1,"minecraft:stone":151,"minecraft:player_head":1,"minecraft:deepslate_redstone_ore":1,"minecraft:birch_stairs":14,"minecraft:flowering_azalea":2,"minecraft:soul_sand":6,"minecraft:blackstone":331,"minecraft:crimson_nylium":9,"minecraft:crafting_table":13,"minecraft:torch":1,"minecraft:tall_grass":4,"minecraft:cobblestone":3,"minecraft:deepslate_gold_ore":12,"minecraft:lapis_ore":8,"minecraft:oak_planks":34,"minecraft:sugar_cane":3,"minecraft:wall_torch":9,"minecraft:sculk":7,"minecraft:diorite":15,"minecraft:nether_wart_block":1,"minecraft:birch_log":33,"minecraft:wheat":17,"minecraft:birch_leaves":3,"minecraft:grass":13,"minecraft:coal_ore":33,"minecraft:oak_log":23,"minecraft:beetroots":3,"minecraft:gravel":32,"minecraft:sand":2,"minecraft:dirt":44,"minecraft:cobweb":2,"minecraft:netherrack":88,"minecraft:gold_ore":6,"minecraft:oak_leaves":44,"minecraft:deepslate":152},"minecraft:dropped":{"minecraft:water_bucket":1,"minecraft:iron_sword":8,"minecraft:lapis_lazuli":60,"minecraft:cooked_beef":5,"minecraft:ender_pearl":1,"minecraft:diamond":1,"minecraft:iron_helmet":1,"minecraft:cobblestone":67,"minecraft:glow_berries":4,"minecraft:saddle":1,"minecraft:tropical_fish":1,"minecraft:golden_apple":1,"minecraft:coal":27,"minecraft:leather_helmet":5,"minecraft:stick":5,"minecraft:lava_bucket":2,"minecraft:dirt":38,"minecraft:diorite":18,"minecraft:torch":1,"tombstone:grave_key":1,"minecraft:brown_wool":1,"tombstone:grave_dust":1,"minecraft:iron_leggings":5,"minecraft:golden_hoe":1,"minecraft:flowering_azalea":1,"minecraft:iron_axe":1,"minecraft:iron_pickaxe":1,"minecraft:gold_ingot":6,"minecraft:bone":4,"minecraft:gravel":8,"minecraft:stone_axe":3,"minecraft:blackstone":47,"minecraft:stone_sword":7,"minecraft:cobbled_deepslate":21,"minecraft:wheat":3,"minecraft:birch_sapling":2,"minecraft:obsidian":2,"minecraft:raw_iron":34,"minecraft:rotten_flesh":2,"minecraft:oak_planks":10,"minecraft:flint_and_steel":1,"minecraft:diamond_sword":3,"minecraft:gunpowder":2,"minecraft:iron_chestplate":3,"minecraft:oak_sapling":6,"minecraft:spider_eye":2,"minecraft:stone_pickaxe":3,"minecraft:raw_gold":5},"minecraft:crafted":{"minecraft:oak_planks":92,"minecraft:furnace":2,"minecraft:bone_meal":36,"minecraft:cooked_mutton":7,"minecraft:flint_and_steel":1,"minecraft:dark_oak_door":3,"minecraft:diamond_helmet":1,"minecraft:diamond_leggings":1,"minecraft:iron_boots":1,"minecraft:iron_axe":1,"minecraft:stone_pickaxe":1,"minecraft:chest":1,"minecraft:diamond_boots":1,"minecraft:dark_oak_planks":48,"minecraft:golden_boots":1,"minecraft:cooked_beef":15,"minecraft:diamond_sword":1,"minecraft:cooked_porkchop":6,"minecraft:crafting_table":2,"minecraft:enchanting_table":1,"minecraft:wooden_pickaxe":2,"minecraft:iron_helmet":1,"minecraft:iron_sword":3,"minecraft:leather_helmet":1,"minecraft:bucket":2,"minecraft:birch_planks":140,"minecraft:bread":5,"minecraft:air":0,"minecraft:book":1,"minecraft:paper":3,"minecraft:iron_chestplate":1,"minecraft:diamond_pickaxe":1,"minecraft:shield":1,"minecraft:stick":20,"minecraft:iron_ingot":42,"minecraft:iron_pickaxe":2,"minecraft:wooden_axe":1,"minecraft:stone_sword":2,"minecraft:iron_leggings":1,"minecraft:gold_ingot":4,"minecraft:white_bed":2,"minecraft:torch":4,"minecraft:birch_stairs":68,"minecraft:diamond_chestplate":1},"minecraft:picked_up":{"minecraft:iron_chestplate":2,"minecraft:crafting_table":13,"minecraft:wheat":20,"minecraft:clay_ball":2,"minecraft:diamond_sword":3,"minecraft:enchanted_book":2,"minecraft:shield":1,"minecraft:string":24,"minecraft:raw_copper":4,"minecraft:iron_leggings":4,"minecraft:blackstone":200,"minecraft:beetroot":3,"minecraft:cobbled_deepslate":166,"minecraft:beef":20,"minecraft:player_head":1,"minecraft:iron_pickaxe":1,"minecraft:sugar_cane":7,"minecraft:birch_sapling":2,"minecraft:furnace":8,"minecraft:egg":4,"minecraft:dark_oak_door":3,"minecraft:stick":16,"minecraft:raw_iron":107,"minecraft:torch":10,"minecraft:porkchop":17,"tombstone:grave_dust":9,"minecraft:diorite":23,"minecraft:carrot":1,"minecraft:redstone":21,"minecraft:dark_oak_planks":8,"minecraft:stone_sword":8,"minecraft:arrow":15,"minecraft:rotten_flesh":61,"minecraft:tropical_fish":3,"minecraft:beetroot_seeds":9,"minecraft:glow_berries":13,"minecraft:obsidian":7,"minecraft:mutton":10,"minecraft:white_wool":9,"minecraft:cobblestone":145,"minecraft:birch_log":35,"minecraft:cooked_beef":1,"minecraft:glow_ink_sac":5,"minecraft:water_bucket":2,"minecraft:andesite":11,"minecraft:brown_wool":2,"minecraft:leather":11,"minecraft:potato":1,"minecraft:birch_planks":5,"minecraft:flint":3,"minecraft:tuff":26,"minecraft:oak_log":23,"minecraft:gunpowder":2,"minecraft:lapis_lazuli":180,"minecraft:dirt":79,"tombstone:gift":2,"minecraft:bone":21,"minecraft:wheat_seeds":56,"minecraft:raw_gold":23,"minecraft:iron_ingot":3,"minecraft:stone_pickaxe":3,"minecraft:moss_block":6,"minecraft:iron_sword":8,"minecraft:oak_planks":50,"minecraft:flowering_azalea":2,"minecraft:soul_sand":4,"minecraft:gravel":32,"minecraft:lava_bucket":1,"minecraft:birch_stairs":17,"minecraft:white_bed":3,"minecraft:grass_block":1,"minecraft:dark_oak_log":12,"minecraft:spider_eye":3,"minecraft:leather_helmet":4,"minecraft:diamond":45,"minecraft:stone_axe":4,"minecraft:iron_helmet":1,"minecraft:granite":8,"tombstone:magic_scroll":1,"minecraft:oak_sapling":12,"minecraft:netherrack":42,"minecraft:coal":128,"minecraft:ender_pearl":2}},"DataVersion":3465}