{"stats":{"minecraft:used":{"minecraft:beetroot":1,"minecraft:stone_shovel":735,"minecraft:chest":11,"minecraft:shield":39,"minecraft:iron_sword":213,"minecraft:iron_chestplate":1,"minecraft:torch":175,"minecraft:dirt":583,"minecraft:mutton":2,"minecraft:obsidian":1,"minecraft:iron_hoe":41,"minecraft:lava_bucket":6,"minecraft:iron_axe":495,"minecraft:iron_helmet":9,"minecraft:iron_boots":1,"minecraft:bow":11,"minecraft:furnace":6,"tombstone:gift":6,"minecraft:egg":4,"minecraft:cooked_beef":5,"minecraft:cobbled_deepslate":27,"minecraft:iron_leggings":5,"minecraft:calcite":4,"minecraft:cooked_mutton":17,"minecraft:water_bucket":61,"minecraft:cobblestone_stairs":34,"minecraft:bundle":1,"minecraft:birch_planks":7,"minecraft:stone_pickaxe":57,"minecraft:oak_planks":20,"minecraft:wooden_pickaxe":51,"minecraft:glow_berries":4,"minecraft:mossy_cobblestone":23,"minecraft:crafting_table":6,"minecraft:dripstone_block":8,"minecraft:diamond_pickaxe":285,"minecraft:bread":77,"minecraft:iron_pickaxe":556,"minecraft:stone_axe":67,"minecraft:cobblestone":517,"minecraft:cooked_porkchop":12,"minecraft:bucket":69,"minecraft:birch_log":1,"minecraft:chest_minecart":2},"minecraft:killed_by":{"minecraft:creeper":2,"minecraft:warden":1,"minecraft:cave_spider":1,"minecraft:zombie":1},"minecraft:custom":{"minecraft:mob_kills":77,"minecraft:interact_with_crafting_table":23,"minecraft:bell_ring":3,"minecraft:leave_game":6,"minecraft:time_since_death":97988,"minecraft:climb_one_cm":982,"minecraft:sprint_one_cm":983601,"minecraft:walk_one_cm":665174,"minecraft:damage_blocked_by_shield":2515,"minecraft:drop":71,"minecraft:talked_to_villager":9,"minecraft:play_time":354106,"minecraft:deaths":8,"minecraft:sneak_time":23956,"minecraft:walk_under_water_one_cm":55319,"minecraft:jump":7874,"minecraft:interact_with_blast_furnace":10,"minecraft:walk_on_water_one_cm":65574,"minecraft:total_world_time":354106,"minecraft:interact_with_furnace":56,"minecraft:traded_with_villager":51,"minecraft:interact_with_grindstone":4,"minecraft:sleep_in_bed":9,"minecraft:time_since_rest":88008,"minecraft:damage_taken":7248,"tombstone:sneak_grave":9,"minecraft:damage_dealt":10271,"minecraft:swim_one_cm":68994,"minecraft:fly_one_cm":1290086,"minecraft:open_chest":84,"minecraft:crouch_one_cm":86804,"tombstone:undead_killed":24,"minecraft:fall_one_cm":217395},"minecraft:killed":{"minecraft:cave_spider":6,"minecraft:skeleton":13,"minecraft:chicken":1,"minecraft:pig":9,"minecraft:zombie_villager":2,"minecraft:sheep":17,"minecraft:zombie":24},"minecraft:crafted":{"minecraft:oak_planks":844,"minecraft:stone_shovel":7,"minecraft:furnace":2,"minecraft:cobblestone_stairs":36,"minecraft:cooked_mutton":28,"minecraft:iron_boots":2,"minecraft:iron_axe":2,"minecraft:iron_hoe":1,"minecraft:stone_pickaxe":1,"minecraft:chest":4,"minecraft:oak_button":1,"minecraft:dark_oak_planks":52,"minecraft:wheat":270,"minecraft:emerald":51,"minecraft:cooked_porkchop":15,"minecraft:crafting_table":3,"minecraft:wooden_pickaxe":1,"minecraft:iron_helmet":2,"minecraft:iron_sword":2,"minecraft:birch_planks":40,"minecraft:bucket":3,"minecraft:stone_axe":1,"minecraft:bread":90,"minecraft:air":0,"minecraft:iron_chestplate":2,"minecraft:diamond_pickaxe":1,"minecraft:shield":1,"minecraft:stick":1760,"minecraft:iron_ingot":100,"minecraft:iron_pickaxe":1,"minecraft:iron_leggings":2,"minecraft:torch":140},"minecraft:dropped":{"minecraft:enchanted_book":1,"minecraft:bread":25,"minecraft:iron_sword":1,"minecraft:birch_planks":6,"minecraft:wheat_seeds":7,"minecraft:oak_log":16,"minecraft:cooked_porkchop":3,"minecraft:oak_fence":1,"minecraft:granite":2,"minecraft:activator_rail":2,"minecraft:cobblestone_stairs":8,"minecraft:dirt":5,"minecraft:diorite":3,"minecraft:torch":2,"minecraft:cornflower":3,"tombstone:grave_key":2,"minecraft:brown_wool":1,"minecraft:iron_pickaxe":2,"minecraft:birch_log":11,"minecraft:dandelion":3,"minecraft:smooth_basalt":2,"minecraft:detector_rail":2,"minecraft:pointed_dripstone":2,"minecraft:birch_sapling":1,"minecraft:rotten_flesh":1,"minecraft:clay_ball":8,"minecraft:iron_boots":1,"minecraft:cooked_mutton":22,"minecraft:oak_button":2,"minecraft:diamond_pickaxe":1,"minecraft:beetroot_seeds":13,"minecraft:oak_sapling":1,"minecraft:arrow":1,"minecraft:wooden_pickaxe":1,"minecraft:stone_pickaxe":1,"minecraft:calcite":1},"minecraft:picked_up":{"minecraft:crafting_table":3,"minecraft:azure_bluet":2,"minecraft:chicken":1,"minecraft:clay_ball":8,"minecraft:chest_minecart":2,"minecraft:wooden_pickaxe":1,"minecraft:oak_stairs":89,"minecraft:enchanted_book":7,"minecraft:amethyst_block":13,"minecraft:cornflower":3,"minecraft:string":64,"minecraft:beetroot":1,"minecraft:activator_rail":3,"minecraft:cobbled_deepslate":27,"minecraft:detector_rail":2,"minecraft:calcite":5,"minecraft:iron_pickaxe":1,"minecraft:chest":8,"minecraft:birch_sapling":1,"minecraft:iron_boots":1,"minecraft:furnace":12,"minecraft:egg":3,"minecraft:stick":31,"minecraft:raw_iron":145,"minecraft:oak_door":1,"minecraft:oak_fence":1,"minecraft:torch":9,"minecraft:porkchop":18,"minecraft:pointed_dripstone":2,"tombstone:grave_dust":3,"minecraft:diorite":3,"minecraft:rotten_flesh":20,"minecraft:arrow":7,"minecraft:beetroot_seeds":13,"minecraft:hay_block":30,"minecraft:gold_ingot":4,"minecraft:obsidian":19,"minecraft:glow_berries":26,"minecraft:mutton":26,"minecraft:cobblestone":388,"minecraft:rail":7,"minecraft:white_wool":15,"minecraft:stripped_oak_log":18,"minecraft:birch_log":22,"minecraft:feather":1,"minecraft:cooked_beef":5,"minecraft:water_bucket":1,"minecraft:brown_wool":1,"minecraft:red_mushroom":14,"minecraft:birch_planks":41,"minecraft:tuff":1,"minecraft:oak_log":275,"minecraft:cobblestone_stairs":22,"minecraft:lapis_lazuli":95,"minecraft:dirt":890,"minecraft:name_tag":3,"minecraft:cooked_mutton":11,"minecraft:bone":14,"minecraft:apple":6,"minecraft:bow":2,"minecraft:wheat_seeds":10,"minecraft:oak_planks":59,"minecraft:smooth_basalt":2,"minecraft:dandelion":3,"minecraft:dripstone_block":8,"minecraft:gravel":4,"minecraft:amethyst_shard":36,"minecraft:white_bed":1,"minecraft:spider_eye":2,"minecraft:mossy_cobblestone":28,"minecraft:diamond":29,"minecraft:iron_helmet":1,"minecraft:granite":2,"minecraft:golden_apple":6,"minecraft:emerald":94,"minecraft:bread":4,"minecraft:oak_button":1,"minecraft:oak_sapling":28,"minecraft:coal":444,"minecraft:diamond_pickaxe":1},"minecraft:mined":{"minecraft:large_amethyst_bud":2,"minecraft:tuff":7,"minecraft:white_bed":1,"minecraft:mossy_cobblestone":30,"minecraft:deepslate_diamond_ore":13,"minecraft:cobblestone_stairs":14,"minecraft:obsidian":19,"minecraft:cave_vines_plant":1,"minecraft:granite":13,"minecraft:grass_block":233,"minecraft:moss_block":4,"minecraft:spawner":5,"minecraft:hay_block":30,"minecraft:furnace":8,"minecraft:iron_ore":128,"minecraft:andesite":16,"minecraft:deepslate_lapis_ore":6,"minecraft:azure_bluet":1,"minecraft:pointed_dripstone":1,"minecraft:deepslate_iron_ore":17,"minecraft:dirt_path":235,"minecraft:oak_stairs":90,"minecraft:stripped_oak_log":18,"minecraft:stone":323,"minecraft:white_wool":1,"minecraft:glass_pane":3,"minecraft:medium_amethyst_bud":1,"minecraft:amethyst_cluster":3,"minecraft:dandelion":1,"minecraft:cornflower":1,"minecraft:powder_snow":8,"minecraft:oak_fence":1,"minecraft:clay":2,"minecraft:crafting_table":4,"minecraft:torch":3,"minecraft:emerald_ore":2,"minecraft:calcite":10,"minecraft:chest":8,"minecraft:sculk_sensor":6,"minecraft:tall_grass":6,"minecraft:copper_ore":3,"minecraft:cobblestone":73,"minecraft:oak_planks":59,"minecraft:sculk":4,"minecraft:diorite":4,"minecraft:wall_torch":3,"minecraft:amethyst_block":13,"minecraft:birch_planks":1,"minecraft:birch_log":11,"minecraft:birch_leaves":4,"minecraft:grass":67,"minecraft:oak_log":260,"minecraft:coal_ore":166,"minecraft:gravel":3,"minecraft:dripstone_block":8,"minecraft:dirt":318,"minecraft:cobweb":59,"minecraft:smooth_basalt":5,"minecraft:red_mushroom_block":32,"minecraft:oak_leaves":53,"minecraft:deepslate":27},"minecraft:broken":{"minecraft:iron_axe":2,"minecraft:iron_pickaxe":1,"minecraft:stone_shovel":5}},"DataVersion":3465}