{"stats":{"minecraft:broken":{"minecraft:stone_shovel":5,"minecraft:golden_hoe":1,"minecraft:shield":1,"minecraft:iron_axe":2,"minecraft:iron_pickaxe":1},"minecraft:custom":{"minecraft:interact_with_crafting_table":33,"minecraft:bell_ring":3,"minecraft:leave_game":8,"minecraft:time_since_death":89556,"minecraft:sprint_one_cm":1367958,"minecraft:damage_blocked_by_shield":3055,"minecraft:drop":117,"minecraft:talked_to_villager":13,"minecraft:play_time":494294,"minecraft:deaths":9,"tombstone:tomb_raiding":1,"minecraft:jump":12127,"minecraft:walk_on_water_one_cm":76520,"minecraft:interact_with_furnace":90,"minecraft:traded_with_villager":83,"minecraft:sleep_in_bed":16,"tombstone:sneak_grave":9,"minecraft:damage_dealt":19451,"minecraft:player_kills":1,"minecraft:crouch_one_cm":119405,"tombstone:undead_killed":33,"minecraft:horse_one_cm":360732,"minecraft:mob_kills":167,"minecraft:climb_one_cm":982,"minecraft:walk_one_cm":938464,"minecraft:sneak_time":33499,"minecraft:walk_under_water_one_cm":71016,"minecraft:boat_one_cm":109037,"minecraft:interact_with_blast_furnace":13,"minecraft:total_world_time":494294,"tombstone:raider_killed":2,"minecraft:interact_with_grindstone":4,"minecraft:time_since_rest":2018,"minecraft:damage_taken":10133,"minecraft:swim_one_cm":112182,"minecraft:fly_one_cm":1986295,"minecraft:open_chest":147,"minecraft:fall_one_cm":340132},"minecraft:killed_by":{"minecraft:creeper":2,"minecraft:cave_spider":1,"minecraft:zombie":1,"minecraft:warden":1},"minecraft:killed":{"minecraft:cave_spider":6,"minecraft:spider":5,"minecraft:skeleton":18,"minecraft:chicken":1,"minecraft:pig":28,"minecraft:zombie_villager":2,"minecraft:creeper":1,"minecraft:sheep":50,"minecraft:zombie":26,"minecraft:ghast":1,"minecraft:cow":19,"minecraft:phantom":2,"minecraft:horse":1},"minecraft:used":{"minecraft:beetroot":1,"minecraft:chest":11,"minecraft:shield":49,"minecraft:iron_sword":290,"minecraft:iron_chestplate":1,"minecraft:mutton":2,"minecraft:obsidian":13,"minecraft:lava_bucket":6,"minecraft:iron_helmet":9,"minecraft:bow":17,"minecraft:yellow_glazed_terracotta":2,"minecraft:furnace":9,"minecraft:oak_sapling":1,"minecraft:egg":7,"minecraft:stone_pickaxe":57,"minecraft:oak_planks":20,"minecraft:wooden_pickaxe":51,"minecraft:glow_berries":4,"minecraft:golden_hoe":32,"minecraft:dripstone_block":8,"minecraft:bread":91,"minecraft:gravel":21,"minecraft:fire_charge":1,"minecraft:birch_log":1,"minecraft:chest_minecart":2,"minecraft:cherry_boat":3,"minecraft:flint_and_steel":2,"minecraft:stone_shovel":756,"minecraft:stone_hoe":122,"minecraft:cooked_chicken":7,"minecraft:torch":175,"minecraft:dirt":1041,"minecraft:iron_hoe":41,"minecraft:iron_axe":764,"minecraft:iron_boots":1,"minecraft:mud_bricks":9,"tombstone:gift":6,"minecraft:cooked_beef":13,"minecraft:cobbled_deepslate":27,"minecraft:iron_leggings":5,"minecraft:calcite":4,"minecraft:wheat_seeds":1,"minecraft:cooked_mutton":31,"minecraft:water_bucket":90,"minecraft:cobblestone_stairs":34,"minecraft:birch_planks":7,"minecraft:bundle":1,"minecraft:mud_brick_slab":1,"minecraft:cracked_stone_bricks":1,"minecraft:mossy_cobblestone":23,"minecraft:crafting_table":9,"minecraft:white_bed":2,"tombstone:bag_of_seeds":1,"minecraft:diamond_pickaxe":320,"minecraft:iron_pickaxe":754,"minecraft:stone_axe":67,"minecraft:cobblestone":535,"minecraft:cooked_porkchop":21,"minecraft:bucket":97,"minecraft:dandelion":2,"minecraft:diamond_leggings":1},"minecraft:mined":{"minecraft:large_amethyst_bud":2,"minecraft:white_bed":4,"minecraft:cherry_log":35,"minecraft:cobblestone_stairs":14,"minecraft:obsidian":20,"minecraft:cave_vines_plant":1,"minecraft:granite":13,"minecraft:grass_block":241,"minecraft:mud_bricks":33,"minecraft:spawner":5,"minecraft:iron_ore":129,"minecraft:deepslate_lapis_ore":6,"minecraft:azure_bluet":2,"minecraft:pointed_dripstone":1,"minecraft:dirt_path":236,"minecraft:oak_stairs":90,"minecraft:medium_amethyst_bud":1,"minecraft:soul_fire":12,"minecraft:amethyst_cluster":3,"minecraft:orange_terracotta":2,"minecraft:powder_snow":12,"minecraft:clay":2,"minecraft:torch":3,"minecraft:calcite":10,"minecraft:chest":8,"minecraft:cobblestone":129,"minecraft:sugar_cane":4,"minecraft:oak_planks":59,"minecraft:bricks":18,"minecraft:wall_torch":3,"minecraft:amethyst_block":13,"minecraft:pink_petals":1,"minecraft:blue_terracotta":14,"minecraft:birch_log":11,"minecraft:wheat":1,"minecraft:yellow_glazed_terracotta":19,"minecraft:grass":92,"minecraft:oak_log":393,"minecraft:dirt":369,"minecraft:smooth_basalt":5,"minecraft:red_mushroom_block":32,"minecraft:oak_leaves":100,"minecraft:deepslate":50,"minecraft:yellow_terracotta":3,"minecraft:tuff":7,"minecraft:mossy_cobblestone":30,"minecraft:dark_oak_leaves":3,"minecraft:deepslate_diamond_ore":13,"minecraft:spruce_leaves":3,"minecraft:moss_block":4,"minecraft:hay_block":163,"minecraft:packed_mud":12,"minecraft:furnace":12,"minecraft:andesite":16,"minecraft:gold_block":3,"minecraft:deepslate_iron_ore":17,"minecraft:stripped_oak_log":18,"minecraft:stone":332,"minecraft:bone_block":6,"minecraft:white_wool":1,"minecraft:mud_brick_slab":3,"minecraft:glass_pane":3,"minecraft:soul_sand":1,"minecraft:dandelion":4,"minecraft:oak_fence":2,"minecraft:crafting_table":5,"minecraft:cornflower":1,"minecraft:emerald_ore":2,"minecraft:sculk_sensor":6,"minecraft:lectern":1,"minecraft:tall_grass":9,"minecraft:copper_ore":3,"minecraft:sculk":4,"minecraft:diorite":4,"minecraft:birch_planks":1,"minecraft:red_terracotta":10,"minecraft:birch_leaves":5,"minecraft:coal_ore":173,"minecraft:cherry_leaves":1,"minecraft:gravel":39,"minecraft:dripstone_block":8,"minecraft:cobweb":59,"minecraft:cracked_stone_bricks":2,"minecraft:stone_bricks":1},"minecraft:dropped":{"minecraft:iron_sword":1,"minecraft:birch_planks":6,"minecraft:cooked_beef":2,"minecraft:oak_log":16,"minecraft:cooked_porkchop":3,"minecraft:leather":1,"minecraft:cobblestone_stairs":8,"minecraft:dirt":95,"minecraft:cornflower":3,"minecraft:iron_pickaxe":2,"minecraft:birch_log":11,"minecraft:detector_rail":2,"minecraft:birch_sapling":1,"minecraft:pointed_dripstone":2,"minecraft:rotten_flesh":13,"minecraft:cooked_mutton":24,"minecraft:beetroot_seeds":15,"minecraft:arrow":1,"minecraft:stone_hoe":1,"minecraft:enchanted_book":1,"minecraft:bread":25,"minecraft:wheat_seeds":8,"minecraft:diamond_leggings":1,"minecraft:oak_fence":4,"minecraft:iron_helmet":1,"minecraft:cobblestone":2,"minecraft:granite":2,"minecraft:activator_rail":2,"minecraft:stick":2,"minecraft:diorite":3,"minecraft:torch":2,"tombstone:grave_key":2,"minecraft:brown_wool":2,"minecraft:cherry_planks":5,"minecraft:iron_leggings":2,"minecraft:string":1,"minecraft:dandelion":3,"minecraft:smooth_basalt":2,"minecraft:blue_terracotta":3,"minecraft:light_gray_wool":1,"minecraft:clay_ball":8,"minecraft:iron_boots":3,"minecraft:diamond_sword":1,"minecraft:oak_button":2,"minecraft:diamond_chestplate":1,"minecraft:iron_chestplate":2,"minecraft:diamond_pickaxe":5,"minecraft:oak_sapling":25,"minecraft:diamond_boots":1,"minecraft:stone_pickaxe":1,"minecraft:wooden_pickaxe":1,"minecraft:calcite":1},"minecraft:crafted":{"minecraft:oak_planks":1372,"minecraft:cooked_chicken":7,"minecraft:cherry_boat":1,"minecraft:cobblestone_stairs":36,"minecraft:cooked_mutton":44,"minecraft:iron_boots":2,"minecraft:chest":4,"minecraft:oak_button":1,"minecraft:stone_hoe":1,"minecraft:emerald":83,"minecraft:cooked_porkchop":23,"minecraft:crafting_table":5,"minecraft:wooden_pickaxe":1,"minecraft:iron_helmet":2,"minecraft:birch_planks":40,"minecraft:iron_chestplate":2,"minecraft:diamond_pickaxe":1,"minecraft:shield":1,"minecraft:stick":2816,"minecraft:iron_pickaxe":2,"minecraft:iron_ingot":100,"minecraft:cherry_planks":24,"minecraft:stone_shovel":7,"minecraft:furnace":2,"minecraft:flint_and_steel":1,"minecraft:iron_axe":4,"minecraft:iron_hoe":1,"minecraft:stone_pickaxe":1,"minecraft:dark_oak_planks":52,"minecraft:wheat":270,"minecraft:cooked_beef":18,"minecraft:iron_sword":2,"minecraft:bucket":3,"minecraft:stone_axe":1,"minecraft:bread":90,"minecraft:air":0,"minecraft:iron_leggings":2,"minecraft:white_bed":2,"minecraft:torch":140},"minecraft:picked_up":{"minecraft:iron_chestplate":2,"minecraft:wheat":1,"minecraft:oak_stairs":89,"minecraft:enchanted_book":7,"minecraft:amethyst_block":13,"minecraft:string":67,"minecraft:soul_soil":15,"minecraft:iron_leggings":2,"minecraft:beetroot":1,"minecraft:activator_rail":3,"minecraft:cherry_boat":3,"minecraft:diamond_leggings":1,"minecraft:cobbled_deepslate":31,"minecraft:calcite":5,"minecraft:iron_pickaxe":1,"minecraft:iron_boots":4,"minecraft:furnace":16,"minecraft:stick":36,"minecraft:oak_fence":4,"minecraft:torch":10,"minecraft:porkchop":66,"minecraft:cherry_log":33,"tombstone:grave_dust":3,"minecraft:pointed_dripstone":2,"minecraft:diorite":3,"minecraft:rotten_flesh":25,"minecraft:obsidian":20,"minecraft:cobblestone":407,"minecraft:birch_log":22,"minecraft:pink_petals":5,"minecraft:feather":1,"minecraft:cooked_beef":5,"minecraft:water_bucket":1,"minecraft:brown_wool":2,"minecraft:flint":1,"minecraft:tuff":1,"minecraft:lapis_lazuli":95,"minecraft:dirt":950,"minecraft:name_tag":3,"minecraft:bone":21,"minecraft:bow":2,"minecraft:wheat_seeds":12,"minecraft:stone_hoe":1,"minecraft:oak_planks":59,"minecraft:cooked_porkchop":1,"minecraft:mossy_cobblestone":28,"minecraft:blue_terracotta":3,"minecraft:diamond":29,"minecraft:granite":2,"minecraft:golden_apple":6,"minecraft:bread":4,"minecraft:emerald":94,"minecraft:oak_sapling":53,"minecraft:diamond_pickaxe":2,"minecraft:mud_brick_slab":1,"minecraft:crafting_table":4,"minecraft:azure_bluet":2,"minecraft:chicken":1,"minecraft:clay_ball":8,"minecraft:chest_minecart":2,"minecraft:wooden_pickaxe":1,"minecraft:gold_block":3,"minecraft:cornflower":3,"minecraft:cracked_stone_bricks":1,"minecraft:detector_rail":2,"minecraft:beef":49,"minecraft:light_gray_wool":1,"minecraft:lectern":2,"minecraft:sugar_cane":10,"minecraft:chest":8,"minecraft:birch_sapling":1,"minecraft:egg":6,"minecraft:phantom_membrane":2,"minecraft:raw_iron":145,"minecraft:oak_door":1,"minecraft:arrow":14,"minecraft:beetroot_seeds":13,"minecraft:hay_block":158,"minecraft:saddle":1,"minecraft:gold_ingot":4,"minecraft:white_wool":44,"minecraft:glow_berries":26,"minecraft:mutton":78,"minecraft:rail":7,"minecraft:bone_block":6,"minecraft:stripped_oak_log":18,"minecraft:mud_bricks":9,"minecraft:leather":18,"minecraft:red_mushroom":14,"minecraft:birch_planks":41,"minecraft:oak_log":407,"minecraft:yellow_glazed_terracotta":2,"minecraft:cobblestone_stairs":22,"minecraft:cooked_mutton":11,"minecraft:apple":8,"minecraft:iron_ingot":3,"tombstone:bag_of_seeds":1,"minecraft:smooth_basalt":2,"minecraft:dandelion":5,"minecraft:dripstone_block":8,"minecraft:gravel":24,"minecraft:amethyst_shard":36,"minecraft:white_bed":4,"minecraft:spider_eye":3,"minecraft:iron_helmet":1,"minecraft:oak_button":1,"minecraft:black_wool":1,"minecraft:coal":512}},"DataVersion":3465}