{"stats":{"minecraft:used":{"minecraft:beetroot":1,"minecraft:stone_shovel":538,"minecraft:chest":11,"minecraft:shield":39,"minecraft:iron_sword":183,"minecraft:iron_chestplate":1,"minecraft:torch":174,"minecraft:dirt":242,"minecraft:mutton":2,"minecraft:iron_hoe":41,"minecraft:lava_bucket":6,"minecraft:iron_axe":281,"minecraft:iron_helmet":8,"minecraft:iron_boots":1,"minecraft:bow":11,"minecraft:furnace":6,"tombstone:gift":6,"minecraft:egg":4,"minecraft:cooked_beef":5,"minecraft:cobbled_deepslate":27,"minecraft:iron_leggings":5,"minecraft:calcite":4,"minecraft:cooked_mutton":17,"minecraft:water_bucket":54,"minecraft:bundle":1,"minecraft:birch_planks":7,"minecraft:stone_pickaxe":57,"minecraft:wooden_pickaxe":51,"minecraft:glow_berries":4,"minecraft:crafting_table":5,"minecraft:dripstone_block":8,"minecraft:diamond_pickaxe":198,"minecraft:bread":67,"minecraft:iron_pickaxe":552,"minecraft:stone_axe":67,"minecraft:cobblestone":402,"minecraft:cooked_porkchop":12,"minecraft:bucket":62,"minecraft:birch_log":1,"minecraft:chest_minecart":2},"minecraft:killed_by":{"minecraft:creeper":2,"minecraft:warden":1,"minecraft:cave_spider":1,"minecraft:zombie":1},"minecraft:custom":{"minecraft:mob_kills":70,"minecraft:interact_with_crafting_table":21,"minecraft:bell_ring":3,"minecraft:leave_game":6,"minecraft:time_since_death":61988,"minecraft:climb_one_cm":982,"minecraft:sprint_one_cm":914637,"minecraft:walk_one_cm":563227,"minecraft:damage_blocked_by_shield":2515,"minecraft:drop":58,"minecraft:talked_to_villager":9,"minecraft:play_time":318106,"minecraft:deaths":8,"minecraft:sneak_time":17692,"minecraft:walk_under_water_one_cm":44442,"minecraft:jump":7238,"minecraft:interact_with_blast_furnace":10,"minecraft:walk_on_water_one_cm":50795,"minecraft:total_world_time":318106,"minecraft:interact_with_furnace":56,"minecraft:traded_with_villager":51,"minecraft:interact_with_grindstone":4,"minecraft:sleep_in_bed":9,"minecraft:time_since_rest":52008,"minecraft:damage_taken":6966,"tombstone:sneak_grave":9,"minecraft:damage_dealt":9047,"minecraft:swim_one_cm":68885,"minecraft:fly_one_cm":1212347,"minecraft:open_chest":78,"minecraft:crouch_one_cm":60278,"tombstone:undead_killed":17,"minecraft:fall_one_cm":204764},"minecraft:killed":{"minecraft:cave_spider":6,"minecraft:skeleton":13,"minecraft:chicken":1,"minecraft:pig":9,"minecraft:sheep":17,"minecraft:zombie":19},"minecraft:crafted":{"minecraft:oak_planks":844,"minecraft:stone_shovel":7,"minecraft:furnace":2,"minecraft:cooked_mutton":28,"minecraft:iron_boots":2,"minecraft:iron_axe":2,"minecraft:iron_hoe":1,"minecraft:stone_pickaxe":1,"minecraft:chest":4,"minecraft:dark_oak_planks":52,"minecraft:wheat":270,"minecraft:emerald":51,"minecraft:cooked_porkchop":15,"minecraft:crafting_table":2,"minecraft:wooden_pickaxe":1,"minecraft:iron_helmet":2,"minecraft:iron_sword":2,"minecraft:birch_planks":40,"minecraft:bucket":3,"minecraft:stone_axe":1,"minecraft:bread":90,"minecraft:air":0,"minecraft:iron_chestplate":2,"minecraft:diamond_pickaxe":1,"minecraft:shield":1,"minecraft:stick":1760,"minecraft:iron_ingot":100,"minecraft:iron_pickaxe":1,"minecraft:iron_leggings":2,"minecraft:torch":140},"minecraft:dropped":{"minecraft:enchanted_book":1,"minecraft:bread":25,"minecraft:iron_sword":1,"minecraft:birch_planks":6,"minecraft:wheat_seeds":3,"minecraft:oak_log":16,"minecraft:cooked_porkchop":3,"minecraft:oak_fence":1,"minecraft:granite":2,"minecraft:activator_rail":2,"minecraft:dirt":5,"minecraft:diorite":3,"minecraft:torch":1,"tombstone:grave_key":2,"minecraft:brown_wool":1,"minecraft:iron_pickaxe":1,"minecraft:birch_log":11,"minecraft:smooth_basalt":2,"minecraft:detector_rail":2,"minecraft:birch_sapling":1,"minecraft:rotten_flesh":1,"minecraft:clay_ball":8,"minecraft:cooked_mutton":22,"minecraft:oak_sapling":1,"minecraft:wooden_pickaxe":1,"minecraft:stone_pickaxe":1,"minecraft:calcite":1},"minecraft:picked_up":{"minecraft:crafting_table":3,"minecraft:azure_bluet":2,"minecraft:chicken":1,"minecraft:clay_ball":8,"minecraft:chest_minecart":2,"minecraft:wooden_pickaxe":1,"minecraft:oak_stairs":1,"minecraft:enchanted_book":7,"minecraft:amethyst_block":13,"minecraft:cornflower":3,"minecraft:string":64,"minecraft:beetroot":1,"minecraft:activator_rail":3,"minecraft:cobbled_deepslate":27,"minecraft:detector_rail":2,"minecraft:calcite":5,"minecraft:iron_pickaxe":1,"minecraft:chest":8,"minecraft:birch_sapling":1,"minecraft:furnace":12,"minecraft:egg":3,"minecraft:stick":25,"minecraft:raw_iron":145,"minecraft:oak_fence":1,"minecraft:torch":3,"minecraft:porkchop":18,"tombstone:grave_dust":1,"minecraft:diorite":3,"minecraft:rotten_flesh":13,"minecraft:arrow":6,"minecraft:hay_block":30,"minecraft:gold_ingot":4,"minecraft:glow_berries":26,"minecraft:mutton":26,"minecraft:cobblestone":346,"minecraft:rail":4,"minecraft:white_wool":15,"minecraft:birch_log":22,"minecraft:feather":1,"minecraft:cooked_beef":5,"minecraft:water_bucket":1,"minecraft:brown_wool":1,"minecraft:red_mushroom":14,"minecraft:birch_planks":41,"minecraft:oak_log":227,"minecraft:cobblestone_stairs":8,"minecraft:lapis_lazuli":95,"minecraft:dirt":582,"minecraft:name_tag":3,"minecraft:cooked_mutton":11,"minecraft:bone":14,"minecraft:apple":4,"minecraft:bow":2,"minecraft:wheat_seeds":10,"minecraft:smooth_basalt":2,"minecraft:dandelion":3,"minecraft:dripstone_block":8,"minecraft:gravel":4,"minecraft:amethyst_shard":36,"minecraft:white_bed":1,"minecraft:spider_eye":2,"minecraft:mossy_cobblestone":15,"minecraft:diamond":27,"minecraft:iron_helmet":1,"minecraft:granite":2,"minecraft:golden_apple":6,"minecraft:emerald":94,"minecraft:bread":3,"minecraft:oak_sapling":18,"minecraft:coal":444},"minecraft:mined":{"minecraft:large_amethyst_bud":2,"minecraft:tuff":6,"minecraft:white_bed":1,"minecraft:mossy_cobblestone":15,"minecraft:deepslate_diamond_ore":11,"minecraft:cobblestone_stairs":8,"minecraft:cave_vines_plant":1,"minecraft:granite":13,"minecraft:grass_block":166,"minecraft:moss_block":4,"minecraft:spawner":5,"minecraft:hay_block":30,"minecraft:furnace":8,"minecraft:iron_ore":128,"minecraft:andesite":16,"minecraft:deepslate_lapis_ore":6,"minecraft:azure_bluet":1,"minecraft:deepslate_iron_ore":17,"minecraft:dirt_path":141,"minecraft:oak_stairs":1,"minecraft:stone":323,"minecraft:white_wool":1,"minecraft:medium_amethyst_bud":1,"minecraft:amethyst_cluster":3,"minecraft:dandelion":1,"minecraft:cornflower":1,"minecraft:powder_snow":8,"minecraft:oak_fence":1,"minecraft:clay":2,"minecraft:crafting_table":4,"minecraft:torch":2,"minecraft:emerald_ore":2,"minecraft:calcite":10,"minecraft:chest":8,"minecraft:sculk_sensor":6,"minecraft:tall_grass":5,"minecraft:copper_ore":3,"minecraft:cobblestone":30,"minecraft:sculk":3,"minecraft:diorite":4,"minecraft:wall_torch":1,"minecraft:amethyst_block":13,"minecraft:birch_planks":1,"minecraft:birch_log":11,"minecraft:birch_leaves":4,"minecraft:grass":57,"minecraft:oak_log":218,"minecraft:coal_ore":166,"minecraft:gravel":3,"minecraft:dripstone_block":8,"minecraft:dirt":279,"minecraft:cobweb":59,"minecraft:smooth_basalt":5,"minecraft:red_mushroom_block":32,"minecraft:oak_leaves":47,"minecraft:deepslate":27},"minecraft:broken":{"minecraft:iron_axe":1,"minecraft:iron_pickaxe":1,"minecraft:stone_shovel":4}},"DataVersion":3465}