{"stats":{"minecraft:used":{"minecraft:cherry_boat":2,"minecraft:beetroot":1,"minecraft:flint_and_steel":2,"minecraft:stone_shovel":756,"minecraft:chest":11,"minecraft:shield":47,"minecraft:iron_sword":266,"minecraft:stone_hoe":122,"minecraft:cooked_chicken":7,"minecraft:iron_chestplate":1,"minecraft:torch":175,"minecraft:mutton":2,"minecraft:dirt":1039,"minecraft:obsidian":13,"minecraft:iron_hoe":41,"minecraft:lava_bucket":6,"minecraft:iron_axe":740,"minecraft:iron_helmet":9,"minecraft:iron_boots":1,"minecraft:bow":17,"minecraft:oak_sapling":1,"minecraft:furnace":8,"minecraft:egg":7,"tombstone:gift":6,"minecraft:cooked_beef":8,"minecraft:cobbled_deepslate":27,"minecraft:iron_leggings":5,"minecraft:calcite":4,"minecraft:wheat_seeds":1,"minecraft:cooked_mutton":28,"minecraft:water_bucket":90,"minecraft:cobblestone_stairs":34,"minecraft:birch_planks":7,"minecraft:oak_planks":20,"minecraft:stone_pickaxe":57,"minecraft:bundle":1,"minecraft:wooden_pickaxe":51,"minecraft:glow_berries":4,"minecraft:mossy_cobblestone":23,"minecraft:crafting_table":9,"minecraft:white_bed":2,"minecraft:dripstone_block":8,"tombstone:bag_of_seeds":1,"minecraft:diamond_pickaxe":320,"minecraft:bread":91,"minecraft:iron_pickaxe":584,"minecraft:gravel":21,"minecraft:stone_axe":67,"minecraft:fire_charge":1,"minecraft:cobblestone":534,"minecraft:bucket":97,"minecraft:cooked_porkchop":16,"minecraft:birch_log":1,"minecraft:chest_minecart":2,"minecraft:dandelion":2,"minecraft:diamond_leggings":1},"minecraft:killed_by":{"minecraft:creeper":2,"minecraft:warden":1,"minecraft:cave_spider":1,"minecraft:zombie":1},"minecraft:custom":{"minecraft:mob_kills":142,"minecraft:interact_with_crafting_table":33,"minecraft:bell_ring":3,"minecraft:leave_game":8,"minecraft:time_since_death":57350,"minecraft:climb_one_cm":982,"minecraft:sprint_one_cm":1249713,"minecraft:walk_one_cm":871080,"minecraft:damage_blocked_by_shield":2935,"minecraft:drop":114,"minecraft:talked_to_villager":13,"minecraft:play_time":462088,"minecraft:sneak_time":31336,"minecraft:deaths":9,"minecraft:walk_under_water_one_cm":69404,"minecraft:boat_one_cm":67381,"tombstone:tomb_raiding":1,"minecraft:jump":11011,"minecraft:interact_with_blast_furnace":13,"minecraft:walk_on_water_one_cm":73731,"minecraft:total_world_time":462088,"minecraft:interact_with_furnace":86,"tombstone:raider_killed":2,"minecraft:traded_with_villager":83,"minecraft:interact_with_grindstone":4,"minecraft:sleep_in_bed":13,"minecraft:time_since_rest":5690,"minecraft:damage_taken":9361,"tombstone:sneak_grave":9,"minecraft:damage_dealt":16763,"minecraft:player_kills":1,"minecraft:swim_one_cm":104416,"minecraft:fly_one_cm":1786774,"minecraft:open_chest":138,"minecraft:crouch_one_cm":112944,"tombstone:undead_killed":31,"minecraft:fall_one_cm":302453,"minecraft:horse_one_cm":360732},"minecraft:killed":{"minecraft:cave_spider":6,"minecraft:spider":3,"minecraft:phantom":2,"minecraft:skeleton":18,"minecraft:horse":1,"minecraft:chicken":1,"minecraft:pig":19,"minecraft:zombie_villager":2,"minecraft:sheep":43,"minecraft:zombie":24,"minecraft:ghast":1,"minecraft:cow":16},"minecraft:crafted":{"minecraft:cherry_planks":24,"minecraft:oak_planks":1372,"minecraft:stone_shovel":7,"minecraft:cooked_chicken":7,"minecraft:furnace":2,"minecraft:cherry_boat":1,"minecraft:cobblestone_stairs":36,"minecraft:cooked_mutton":44,"minecraft:flint_and_steel":1,"minecraft:iron_boots":2,"minecraft:iron_axe":4,"minecraft:iron_hoe":1,"minecraft:stone_pickaxe":1,"minecraft:chest":4,"minecraft:oak_button":1,"minecraft:dark_oak_planks":52,"minecraft:stone_hoe":1,"minecraft:wheat":270,"minecraft:cooked_beef":4,"minecraft:emerald":83,"minecraft:cooked_porkchop":23,"minecraft:crafting_table":5,"minecraft:wooden_pickaxe":1,"minecraft:iron_helmet":2,"minecraft:iron_sword":2,"minecraft:bucket":3,"minecraft:birch_planks":40,"minecraft:stone_axe":1,"minecraft:bread":90,"minecraft:air":0,"minecraft:iron_chestplate":2,"minecraft:diamond_pickaxe":1,"minecraft:shield":1,"minecraft:stick":2816,"minecraft:iron_ingot":100,"minecraft:iron_pickaxe":2,"minecraft:iron_leggings":2,"minecraft:white_bed":2,"minecraft:torch":140},"minecraft:dropped":{"minecraft:stone_hoe":1,"minecraft:enchanted_book":1,"minecraft:bread":25,"minecraft:iron_sword":1,"minecraft:birch_planks":6,"minecraft:wheat_seeds":8,"minecraft:cooked_beef":2,"minecraft:oak_log":16,"minecraft:cooked_porkchop":3,"minecraft:diamond_leggings":1,"minecraft:oak_fence":4,"minecraft:iron_helmet":1,"minecraft:cobblestone":2,"minecraft:leather":1,"minecraft:granite":2,"minecraft:activator_rail":2,"minecraft:cobblestone_stairs":8,"minecraft:stick":2,"minecraft:dirt":95,"minecraft:diorite":3,"minecraft:torch":2,"minecraft:cornflower":3,"tombstone:grave_key":2,"minecraft:brown_wool":2,"minecraft:cherry_planks":2,"minecraft:iron_leggings":2,"minecraft:iron_pickaxe":2,"minecraft:string":1,"minecraft:birch_log":11,"minecraft:dandelion":3,"minecraft:smooth_basalt":2,"minecraft:detector_rail":2,"minecraft:birch_sapling":1,"minecraft:pointed_dripstone":2,"minecraft:rotten_flesh":11,"minecraft:light_gray_wool":1,"minecraft:clay_ball":8,"minecraft:iron_boots":3,"minecraft:cooked_mutton":24,"minecraft:diamond_sword":1,"minecraft:oak_button":2,"minecraft:diamond_chestplate":1,"minecraft:diamond_pickaxe":5,"minecraft:iron_chestplate":2,"minecraft:beetroot_seeds":15,"minecraft:oak_sapling":25,"minecraft:diamond_boots":1,"minecraft:arrow":1,"minecraft:stone_pickaxe":1,"minecraft:wooden_pickaxe":1,"minecraft:calcite":1},"minecraft:picked_up":{"minecraft:iron_chestplate":2,"minecraft:crafting_table":4,"minecraft:wheat":1,"minecraft:azure_bluet":2,"minecraft:chicken":1,"minecraft:clay_ball":8,"minecraft:chest_minecart":2,"minecraft:wooden_pickaxe":1,"minecraft:oak_stairs":89,"minecraft:gold_block":3,"minecraft:enchanted_book":7,"minecraft:amethyst_block":13,"minecraft:cornflower":3,"minecraft:string":66,"minecraft:soul_soil":15,"minecraft:iron_leggings":2,"minecraft:beetroot":1,"minecraft:activator_rail":3,"minecraft:cherry_boat":2,"minecraft:diamond_leggings":1,"minecraft:cobbled_deepslate":31,"minecraft:detector_rail":2,"minecraft:beef":30,"minecraft:calcite":5,"minecraft:light_gray_wool":1,"minecraft:sugar_cane":10,"minecraft:iron_pickaxe":1,"minecraft:chest":8,"minecraft:birch_sapling":1,"minecraft:phantom_membrane":2,"minecraft:furnace":15,"minecraft:iron_boots":4,"minecraft:egg":6,"minecraft:stick":36,"minecraft:raw_iron":145,"minecraft:oak_door":1,"minecraft:oak_fence":4,"minecraft:torch":10,"minecraft:porkchop":47,"minecraft:cherry_log":33,"minecraft:pointed_dripstone":2,"tombstone:grave_dust":3,"minecraft:diorite":3,"minecraft:arrow":14,"minecraft:rotten_flesh":23,"minecraft:beetroot_seeds":13,"minecraft:hay_block":129,"minecraft:saddle":1,"minecraft:gold_ingot":4,"minecraft:bone_block":6,"minecraft:obsidian":20,"minecraft:glow_berries":26,"minecraft:mutton":68,"minecraft:rail":7,"minecraft:white_wool":37,"minecraft:cobblestone":406,"minecraft:stripped_oak_log":18,"minecraft:birch_log":22,"minecraft:pink_petals":5,"minecraft:feather":1,"minecraft:cooked_beef":5,"minecraft:water_bucket":1,"minecraft:brown_wool":2,"minecraft:leather":16,"minecraft:red_mushroom":14,"minecraft:birch_planks":41,"minecraft:flint":1,"minecraft:tuff":1,"minecraft:oak_log":407,"minecraft:cobblestone_stairs":22,"minecraft:lapis_lazuli":95,"minecraft:dirt":948,"minecraft:name_tag":3,"minecraft:cooked_mutton":11,"minecraft:bone":21,"minecraft:apple":8,"minecraft:bow":2,"minecraft:wheat_seeds":12,"minecraft:iron_ingot":3,"tombstone:bag_of_seeds":1,"minecraft:stone_hoe":1,"minecraft:oak_planks":59,"minecraft:smooth_basalt":2,"minecraft:cooked_porkchop":1,"minecraft:dandelion":5,"minecraft:dripstone_block":8,"minecraft:gravel":24,"minecraft:amethyst_shard":36,"minecraft:white_bed":4,"minecraft:spider_eye":3,"minecraft:mossy_cobblestone":28,"minecraft:diamond":29,"minecraft:iron_helmet":1,"minecraft:granite":2,"minecraft:golden_apple":6,"minecraft:bread":4,"minecraft:emerald":94,"minecraft:oak_button":1,"minecraft:black_wool":1,"minecraft:oak_sapling":53,"minecraft:coal":496,"minecraft:diamond_pickaxe":2},"minecraft:mined":{"minecraft:large_amethyst_bud":2,"minecraft:tuff":7,"minecraft:white_bed":4,"minecraft:mossy_cobblestone":30,"minecraft:deepslate_diamond_ore":13,"minecraft:cherry_log":35,"minecraft:cobblestone_stairs":14,"minecraft:obsidian":20,"minecraft:cave_vines_plant":1,"minecraft:granite":13,"minecraft:grass_block":240,"minecraft:moss_block":4,"minecraft:spawner":5,"minecraft:hay_block":134,"minecraft:furnace":11,"minecraft:iron_ore":128,"minecraft:andesite":16,"minecraft:deepslate_lapis_ore":6,"minecraft:azure_bluet":2,"minecraft:gold_block":3,"minecraft:pointed_dripstone":1,"minecraft:deepslate_iron_ore":17,"minecraft:dirt_path":236,"minecraft:oak_stairs":90,"minecraft:stripped_oak_log":18,"minecraft:stone":323,"minecraft:bone_block":6,"minecraft:white_wool":1,"minecraft:glass_pane":3,"minecraft:soul_sand":1,"minecraft:medium_amethyst_bud":1,"minecraft:soul_fire":12,"minecraft:amethyst_cluster":3,"minecraft:dandelion":4,"minecraft:powder_snow":12,"minecraft:clay":2,"minecraft:oak_fence":2,"minecraft:cornflower":1,"minecraft:crafting_table":5,"minecraft:torch":3,"minecraft:emerald_ore":2,"minecraft:calcite":10,"minecraft:chest":8,"minecraft:sculk_sensor":6,"minecraft:copper_ore":3,"minecraft:tall_grass":9,"minecraft:cobblestone":92,"minecraft:sugar_cane":4,"minecraft:oak_planks":59,"minecraft:sculk":4,"minecraft:diorite":4,"minecraft:wall_torch":3,"minecraft:amethyst_block":13,"minecraft:pink_petals":1,"minecraft:birch_planks":1,"minecraft:birch_log":11,"minecraft:wheat":1,"minecraft:birch_leaves":5,"minecraft:grass":88,"minecraft:coal_ore":173,"minecraft:oak_log":393,"minecraft:cherry_leaves":1,"minecraft:gravel":24,"minecraft:dirt":367,"minecraft:dripstone_block":8,"minecraft:cobweb":59,"minecraft:smooth_basalt":5,"minecraft:red_mushroom_block":32,"minecraft:oak_leaves":97,"minecraft:deepslate":50},"minecraft:broken":{"minecraft:iron_axe":2,"minecraft:iron_pickaxe":1,"minecraft:stone_shovel":5}},"DataVersion":3465}