{"stats":{"minecraft:used":{"minecraft:chest":5,"minecraft:shield":29,"minecraft:iron_sword":110,"minecraft:torch":70,"minecraft:dirt":15,"minecraft:iron_hoe":41,"minecraft:lava_bucket":6,"minecraft:iron_axe":265,"minecraft:bow":9,"minecraft:furnace":6,"tombstone:gift":4,"minecraft:egg":4,"minecraft:cooked_beef":2,"minecraft:cobbled_deepslate":27,"minecraft:calcite":4,"minecraft:cooked_mutton":17,"minecraft:water_bucket":46,"minecraft:birch_planks":7,"minecraft:stone_pickaxe":57,"minecraft:wooden_pickaxe":51,"minecraft:crafting_table":5,"minecraft:bread":37,"minecraft:iron_pickaxe":484,"minecraft:stone_axe":67,"minecraft:cobblestone":204,"minecraft:cooked_porkchop":12,"minecraft:birch_log":1,"minecraft:bucket":54},"minecraft:killed_by":{"minecraft:creeper":1,"minecraft:cave_spider":1,"minecraft:zombie":1},"minecraft:custom":{"minecraft:mob_kills":56,"minecraft:interact_with_crafting_table":17,"minecraft:bell_ring":3,"minecraft:leave_game":5,"minecraft:time_since_death":2718,"minecraft:climb_one_cm":982,"minecraft:sprint_one_cm":630392,"minecraft:walk_one_cm":377118,"minecraft:damage_blocked_by_shield":1780,"minecraft:drop":52,"minecraft:talked_to_villager":7,"minecraft:play_time":228114,"minecraft:deaths":4,"minecraft:sneak_time":11570,"minecraft:walk_under_water_one_cm":27669,"minecraft:jump":4869,"minecraft:interact_with_blast_furnace":5,"minecraft:walk_on_water_one_cm":31780,"minecraft:total_world_time":228114,"minecraft:interact_with_furnace":46,"minecraft:traded_with_villager":44,"minecraft:interact_with_grindstone":3,"minecraft:sleep_in_bed":8,"minecraft:time_since_rest":1730,"minecraft:damage_taken":4391,"tombstone:sneak_grave":8,"minecraft:damage_dealt":6862,"minecraft:swim_one_cm":36354,"minecraft:fly_one_cm":797113,"minecraft:open_chest":47,"minecraft:crouch_one_cm":38032,"tombstone:undead_killed":7,"minecraft:fall_one_cm":142174},"minecraft:killed":{"minecraft:cave_spider":3,"minecraft:skeleton":9,"minecraft:chicken":1,"minecraft:pig":9,"minecraft:sheep":16,"minecraft:zombie":13},"minecraft:crafted":{"minecraft:oak_planks":780,"minecraft:furnace":2,"minecraft:cooked_mutton":28,"minecraft:iron_boots":1,"minecraft:iron_axe":2,"minecraft:iron_hoe":1,"minecraft:stone_pickaxe":1,"minecraft:chest":4,"minecraft:wheat":270,"minecraft:emerald":44,"minecraft:cooked_porkchop":15,"minecraft:crafting_table":2,"minecraft:wooden_pickaxe":1,"minecraft:iron_helmet":1,"minecraft:iron_sword":1,"minecraft:bucket":2,"minecraft:birch_planks":40,"minecraft:stone_axe":1,"minecraft:bread":90,"minecraft:air":0,"minecraft:iron_chestplate":1,"minecraft:shield":1,"minecraft:stick":1528,"minecraft:iron_ingot":100,"minecraft:iron_pickaxe":1,"minecraft:iron_leggings":1,"minecraft:torch":60},"minecraft:dropped":{"minecraft:bread":25,"minecraft:birch_planks":6,"minecraft:wheat_seeds":3,"minecraft:oak_log":16,"minecraft:cooked_porkchop":3,"minecraft:oak_fence":1,"minecraft:granite":2,"minecraft:activator_rail":2,"minecraft:dirt":4,"minecraft:diorite":3,"minecraft:torch":1,"minecraft:iron_pickaxe":1,"minecraft:birch_log":11,"minecraft:smooth_basalt":2,"minecraft:detector_rail":2,"minecraft:birch_sapling":1,"minecraft:rotten_flesh":1,"minecraft:clay_ball":8,"minecraft:cooked_mutton":22,"minecraft:oak_sapling":1,"minecraft:wooden_pickaxe":1,"minecraft:stone_pickaxe":1,"minecraft:calcite":1},"minecraft:picked_up":{"minecraft:crafting_table":3,"minecraft:chicken":1,"minecraft:clay_ball":8,"minecraft:chest_minecart":1,"minecraft:wooden_pickaxe":1,"minecraft:amethyst_block":13,"minecraft:string":35,"minecraft:activator_rail":3,"minecraft:detector_rail":2,"minecraft:cobbled_deepslate":27,"minecraft:calcite":5,"minecraft:iron_pickaxe":1,"minecraft:chest":1,"minecraft:birch_sapling":1,"minecraft:furnace":8,"minecraft:egg":3,"minecraft:raw_iron":113,"minecraft:stick":11,"minecraft:oak_fence":1,"minecraft:torch":1,"minecraft:porkchop":18,"tombstone:grave_dust":1,"minecraft:diorite":3,"minecraft:arrow":5,"minecraft:rotten_flesh":9,"minecraft:hay_block":30,"minecraft:glow_berries":6,"minecraft:mutton":24,"minecraft:rail":4,"minecraft:white_wool":15,"minecraft:cobblestone":202,"minecraft:birch_log":22,"minecraft:feather":1,"minecraft:red_mushroom":14,"minecraft:birch_planks":41,"minecraft:oak_log":227,"minecraft:lapis_lazuli":11,"minecraft:dirt":23,"minecraft:cooked_mutton":11,"minecraft:bone":6,"minecraft:apple":4,"minecraft:bow":2,"minecraft:wheat_seeds":6,"minecraft:smooth_basalt":2,"minecraft:dripstone_block":6,"minecraft:gravel":3,"minecraft:amethyst_shard":12,"minecraft:white_bed":1,"minecraft:spider_eye":1,"minecraft:diamond":6,"minecraft:granite":2,"minecraft:emerald":2,"minecraft:bread":3,"minecraft:oak_sapling":18,"minecraft:coal":233},"minecraft:mined":{"minecraft:large_amethyst_bud":2,"minecraft:tuff":3,"minecraft:white_bed":1,"minecraft:deepslate_diamond_ore":6,"minecraft:cave_vines_plant":1,"minecraft:granite":5,"minecraft:grass_block":3,"minecraft:moss_block":4,"minecraft:spawner":3,"minecraft:hay_block":30,"minecraft:furnace":8,"minecraft:iron_ore":97,"minecraft:andesite":13,"minecraft:deepslate_lapis_ore":2,"minecraft:deepslate_iron_ore":16,"minecraft:dirt_path":4,"minecraft:stone":195,"minecraft:white_wool":1,"minecraft:medium_amethyst_bud":1,"minecraft:amethyst_cluster":3,"minecraft:powder_snow":6,"minecraft:crafting_table":4,"minecraft:oak_fence":1,"minecraft:clay":2,"minecraft:emerald_ore":2,"minecraft:calcite":10,"minecraft:chest":1,"minecraft:tall_grass":2,"minecraft:copper_ore":3,"minecraft:cobblestone":10,"minecraft:diorite":4,"minecraft:wall_torch":1,"minecraft:amethyst_block":13,"minecraft:birch_planks":1,"minecraft:birch_log":11,"minecraft:birch_leaves":1,"minecraft:grass":42,"minecraft:oak_log":211,"minecraft:coal_ore":151,"minecraft:dripstone_block":6,"minecraft:gravel":1,"minecraft:dirt":14,"minecraft:smooth_basalt":5,"minecraft:cobweb":31,"minecraft:red_mushroom_block":32,"minecraft:oak_leaves":40,"minecraft:deepslate":20},"minecraft:broken":{"minecraft:iron_axe":1,"minecraft:iron_pickaxe":1}},"DataVersion":3465}