{"stats":{"minecraft:used":{"minecraft:calcite":4,"minecraft:cooked_mutton":11,"minecraft:water_bucket":17,"minecraft:birch_planks":7,"minecraft:stone_pickaxe":57,"minecraft:wooden_pickaxe":51,"minecraft:chest":5,"minecraft:shield":10,"minecraft:iron_sword":50,"minecraft:torch":36,"minecraft:dirt":10,"minecraft:crafting_table":5,"minecraft:iron_hoe":40,"minecraft:lava_bucket":6,"minecraft:bread":25,"minecraft:iron_axe":32,"minecraft:iron_pickaxe":310,"minecraft:stone_axe":67,"minecraft:cobblestone":129,"minecraft:bucket":24,"minecraft:furnace":6,"minecraft:cooked_porkchop":12,"minecraft:birch_log":1,"minecraft:cobbled_deepslate":27},"minecraft:custom":{"minecraft:interact_with_furnace":43,"minecraft:mob_kills":42,"minecraft:interact_with_crafting_table":13,"minecraft:bell_ring":2,"minecraft:interact_with_grindstone":3,"minecraft:leave_game":5,"minecraft:time_since_death":150114,"minecraft:sleep_in_bed":7,"minecraft:climb_one_cm":982,"minecraft:time_since_rest":16695,"minecraft:sprint_one_cm":454926,"minecraft:damage_taken":1993,"minecraft:walk_one_cm":233372,"minecraft:damage_blocked_by_shield":385,"minecraft:drop":50,"minecraft:damage_dealt":5377,"minecraft:swim_one_cm":28251,"minecraft:talked_to_villager":2,"minecraft:fly_one_cm":541885,"minecraft:open_chest":25,"minecraft:crouch_one_cm":17265,"minecraft:play_time":150114,"tombstone:undead_killed":1,"minecraft:sneak_time":4964,"minecraft:walk_under_water_one_cm":13195,"minecraft:jump":3460,"minecraft:interact_with_blast_furnace":4,"minecraft:walk_on_water_one_cm":21737,"minecraft:total_world_time":150114,"minecraft:fall_one_cm":98570},"minecraft:killed":{"minecraft:pig":9,"minecraft:sheep":16,"minecraft:skeleton":5,"minecraft:zombie":11},"minecraft:dropped":{"minecraft:birch_planks":6,"minecraft:wheat_seeds":3,"minecraft:detector_rail":2,"minecraft:cooked_porkchop":3,"minecraft:birch_sapling":1,"minecraft:oak_fence":1,"minecraft:rotten_flesh":1,"minecraft:clay_ball":8,"minecraft:granite":2,"minecraft:cooked_mutton":22,"minecraft:activator_rail":2,"minecraft:dirt":4,"minecraft:diorite":3,"minecraft:torch":1,"minecraft:oak_sapling":1,"minecraft:stone_pickaxe":1,"minecraft:wooden_pickaxe":1,"minecraft:iron_pickaxe":1,"minecraft:calcite":1,"minecraft:birch_log":11,"minecraft:smooth_basalt":2},"minecraft:crafted":{"minecraft:oak_planks":24,"minecraft:cooked_porkchop":15,"minecraft:crafting_table":2,"minecraft:iron_helmet":1,"minecraft:wooden_pickaxe":1,"minecraft:iron_sword":1,"minecraft:furnace":2,"minecraft:bucket":1,"minecraft:birch_planks":40,"minecraft:stone_axe":1,"minecraft:cooked_mutton":28,"minecraft:air":0,"minecraft:iron_boots":1,"minecraft:iron_chestplate":1,"minecraft:shield":1,"minecraft:iron_axe":1,"minecraft:iron_hoe":1,"minecraft:stick":16,"minecraft:iron_ingot":100,"minecraft:iron_pickaxe":1,"minecraft:stone_pickaxe":1,"minecraft:chest":4,"minecraft:iron_leggings":1,"minecraft:torch":4},"minecraft:picked_up":{"minecraft:birch_log":22,"minecraft:crafting_table":3,"minecraft:clay_ball":8,"minecraft:chest_minecart":1,"minecraft:wooden_pickaxe":1,"minecraft:red_mushroom":14,"minecraft:birch_planks":40,"minecraft:oak_log":6,"minecraft:amethyst_block":13,"minecraft:lapis_lazuli":11,"minecraft:dirt":14,"minecraft:string":6,"minecraft:cooked_mutton":11,"minecraft:activator_rail":3,"minecraft:wheat_seeds":4,"minecraft:cobbled_deepslate":27,"minecraft:detector_rail":2,"minecraft:calcite":5,"minecraft:iron_pickaxe":1,"minecraft:chest":1,"minecraft:birch_sapling":1,"minecraft:furnace":8,"minecraft:raw_iron":100,"minecraft:smooth_basalt":2,"minecraft:oak_fence":1,"minecraft:torch":1,"minecraft:gravel":1,"minecraft:porkchop":18,"minecraft:amethyst_shard":12,"minecraft:diorite":3,"minecraft:white_bed":1,"minecraft:rotten_flesh":5,"minecraft:diamond":6,"minecraft:hay_block":30,"minecraft:granite":2,"minecraft:bread":3,"minecraft:oak_sapling":1,"minecraft:glow_berries":6,"minecraft:mutton":24,"minecraft:white_wool":15,"minecraft:coal":112,"minecraft:rail":4,"minecraft:cobblestone":175},"minecraft:mined":{"minecraft:large_amethyst_bud":2,"minecraft:tuff":3,"minecraft:white_bed":1,"minecraft:deepslate_diamond_ore":6,"minecraft:medium_amethyst_bud":1,"minecraft:amethyst_cluster":3,"minecraft:powder_snow":3,"minecraft:clay":2,"minecraft:oak_fence":1,"minecraft:crafting_table":4,"minecraft:cave_vines_plant":1,"minecraft:granite":5,"minecraft:calcite":10,"minecraft:grass_block":1,"minecraft:chest":1,"minecraft:copper_ore":3,"minecraft:tall_grass":1,"minecraft:cobblestone":6,"minecraft:moss_block":4,"minecraft:diorite":4,"minecraft:wall_torch":1,"minecraft:amethyst_block":13,"minecraft:spawner":1,"minecraft:hay_block":30,"minecraft:furnace":8,"minecraft:birch_log":11,"minecraft:iron_ore":84,"minecraft:birch_leaves":1,"minecraft:andesite":13,"minecraft:deepslate_lapis_ore":2,"minecraft:grass":29,"minecraft:coal_ore":31,"minecraft:oak_log":6,"minecraft:deepslate_iron_ore":16,"minecraft:dirt_path":3,"minecraft:gravel":1,"minecraft:dirt":8,"minecraft:cobweb":6,"minecraft:smooth_basalt":5,"minecraft:red_mushroom_block":32,"minecraft:stone":172,"minecraft:oak_leaves":3,"minecraft:deepslate":20}},"DataVersion":3465}