{"stats":{"minecraft:broken":{"minecraft:iron_axe":2,"minecraft:iron_pickaxe":1,"minecraft:stone_shovel":5},"minecraft:custom":{"minecraft:mob_kills":86,"minecraft:interact_with_crafting_table":27,"minecraft:bell_ring":3,"minecraft:leave_game":7,"minecraft:time_since_death":146585,"minecraft:climb_one_cm":982,"minecraft:sprint_one_cm":1083526,"minecraft:walk_one_cm":770558,"minecraft:damage_blocked_by_shield":2530,"minecraft:drop":86,"minecraft:talked_to_villager":13,"minecraft:play_time":402703,"minecraft:sneak_time":29452,"minecraft:deaths":8,"minecraft:walk_under_water_one_cm":67856,"tombstone:tomb_raiding":1,"minecraft:jump":8945,"minecraft:interact_with_blast_furnace":11,"minecraft:walk_on_water_one_cm":70308,"minecraft:total_world_time":402703,"minecraft:interact_with_furnace":62,"tombstone:raider_killed":2,"minecraft:traded_with_villager":83,"minecraft:interact_with_grindstone":4,"minecraft:sleep_in_bed":10,"minecraft:time_since_rest":7321,"minecraft:damage_taken":7907,"tombstone:sneak_grave":9,"minecraft:damage_dealt":11338,"minecraft:player_kills":1,"minecraft:swim_one_cm":82641,"minecraft:fly_one_cm":1429377,"minecraft:open_chest":120,"minecraft:crouch_one_cm":107254,"tombstone:undead_killed":27,"minecraft:fall_one_cm":239449},"minecraft:killed_by":{"minecraft:creeper":2,"minecraft:warden":1,"minecraft:cave_spider":1,"minecraft:zombie":1},"minecraft:killed":{"minecraft:cave_spider":6,"minecraft:spider":1,"minecraft:phantom":2,"minecraft:skeleton":14,"minecraft:chicken":1,"minecraft:pig":12,"minecraft:zombie_villager":2,"minecraft:sheep":17,"minecraft:zombie":24,"minecraft:ghast":1},"minecraft:used":{"minecraft:beetroot":1,"minecraft:flint_and_steel":2,"minecraft:stone_shovel":756,"minecraft:chest":11,"minecraft:shield":40,"minecraft:iron_sword":240,"minecraft:cooked_chicken":2,"minecraft:iron_chestplate":1,"minecraft:torch":175,"minecraft:mutton":2,"minecraft:dirt":990,"minecraft:obsidian":12,"minecraft:iron_hoe":41,"minecraft:lava_bucket":6,"minecraft:iron_axe":638,"minecraft:iron_helmet":9,"minecraft:iron_boots":1,"minecraft:bow":16,"minecraft:furnace":6,"tombstone:gift":6,"minecraft:egg":5,"minecraft:cooked_beef":6,"minecraft:cobbled_deepslate":27,"minecraft:iron_leggings":5,"minecraft:calcite":4,"minecraft:wheat_seeds":1,"minecraft:cooked_mutton":18,"minecraft:water_bucket":90,"minecraft:cobblestone_stairs":34,"minecraft:birch_planks":7,"minecraft:bundle":1,"minecraft:oak_planks":20,"minecraft:stone_pickaxe":57,"minecraft:wooden_pickaxe":51,"minecraft:glow_berries":4,"minecraft:mossy_cobblestone":23,"minecraft:crafting_table":6,"minecraft:dripstone_block":8,"minecraft:diamond_pickaxe":320,"minecraft:bread":91,"minecraft:iron_pickaxe":556,"minecraft:gravel":21,"minecraft:stone_axe":67,"minecraft:cobblestone":532,"minecraft:bucket":97,"minecraft:cooked_porkchop":12,"minecraft:birch_log":1,"minecraft:chest_minecart":2,"minecraft:diamond_leggings":1},"minecraft:mined":{"minecraft:large_amethyst_bud":2,"minecraft:tuff":7,"minecraft:white_bed":1,"minecraft:mossy_cobblestone":30,"minecraft:deepslate_diamond_ore":13,"minecraft:cobblestone_stairs":14,"minecraft:obsidian":20,"minecraft:cave_vines_plant":1,"minecraft:granite":13,"minecraft:grass_block":235,"minecraft:moss_block":4,"minecraft:spawner":5,"minecraft:hay_block":30,"minecraft:furnace":8,"minecraft:iron_ore":128,"minecraft:andesite":16,"minecraft:deepslate_lapis_ore":6,"minecraft:azure_bluet":1,"minecraft:pointed_dripstone":1,"minecraft:deepslate_iron_ore":17,"minecraft:dirt_path":236,"minecraft:oak_stairs":90,"minecraft:stripped_oak_log":18,"minecraft:stone":323,"minecraft:white_wool":1,"minecraft:glass_pane":3,"minecraft:soul_sand":1,"minecraft:medium_amethyst_bud":1,"minecraft:soul_fire":12,"minecraft:amethyst_cluster":3,"minecraft:dandelion":2,"minecraft:powder_snow":8,"minecraft:clay":2,"minecraft:oak_fence":1,"minecraft:cornflower":1,"minecraft:crafting_table":4,"minecraft:torch":3,"minecraft:emerald_ore":2,"minecraft:calcite":10,"minecraft:chest":8,"minecraft:sculk_sensor":6,"minecraft:copper_ore":3,"minecraft:tall_grass":6,"minecraft:cobblestone":84,"minecraft:oak_planks":59,"minecraft:sculk":4,"minecraft:diorite":4,"minecraft:wall_torch":3,"minecraft:amethyst_block":13,"minecraft:birch_planks":1,"minecraft:birch_log":11,"minecraft:wheat":1,"minecraft:birch_leaves":5,"minecraft:grass":71,"minecraft:oak_log":393,"minecraft:coal_ore":166,"minecraft:gravel":24,"minecraft:dirt":358,"minecraft:dripstone_block":8,"minecraft:cobweb":59,"minecraft:smooth_basalt":5,"minecraft:red_mushroom_block":32,"minecraft:oak_leaves":93,"minecraft:deepslate":50},"minecraft:dropped":{"minecraft:enchanted_book":1,"minecraft:bread":25,"minecraft:iron_sword":1,"minecraft:birch_planks":6,"minecraft:wheat_seeds":8,"minecraft:oak_log":16,"minecraft:cooked_porkchop":3,"minecraft:diamond_leggings":1,"minecraft:oak_fence":1,"minecraft:iron_helmet":1,"minecraft:granite":2,"minecraft:activator_rail":2,"minecraft:stick":2,"minecraft:cobblestone_stairs":8,"minecraft:dirt":90,"minecraft:diorite":3,"minecraft:torch":2,"minecraft:cornflower":3,"tombstone:grave_key":2,"minecraft:brown_wool":1,"minecraft:iron_pickaxe":2,"minecraft:birch_log":11,"minecraft:dandelion":3,"minecraft:smooth_basalt":2,"minecraft:detector_rail":2,"minecraft:birch_sapling":1,"minecraft:pointed_dripstone":2,"minecraft:rotten_flesh":8,"minecraft:clay_ball":8,"minecraft:iron_boots":1,"minecraft:cooked_mutton":22,"minecraft:diamond_sword":1,"minecraft:oak_button":2,"minecraft:diamond_chestplate":1,"minecraft:diamond_pickaxe":5,"minecraft:beetroot_seeds":13,"minecraft:oak_sapling":1,"minecraft:diamond_boots":1,"minecraft:arrow":1,"minecraft:stone_pickaxe":1,"minecraft:wooden_pickaxe":1,"minecraft:calcite":1},"minecraft:crafted":{"minecraft:oak_planks":1372,"minecraft:stone_shovel":7,"minecraft:cooked_chicken":7,"minecraft:furnace":2,"minecraft:cobblestone_stairs":36,"minecraft:cooked_mutton":34,"minecraft:flint_and_steel":1,"minecraft:iron_boots":2,"minecraft:iron_axe":4,"minecraft:iron_hoe":1,"minecraft:stone_pickaxe":1,"minecraft:chest":4,"minecraft:oak_button":1,"minecraft:dark_oak_planks":52,"minecraft:wheat":270,"minecraft:emerald":83,"minecraft:cooked_porkchop":15,"minecraft:crafting_table":3,"minecraft:wooden_pickaxe":1,"minecraft:iron_helmet":2,"minecraft:iron_sword":2,"minecraft:bucket":3,"minecraft:birch_planks":40,"minecraft:stone_axe":1,"minecraft:bread":90,"minecraft:air":0,"minecraft:iron_chestplate":2,"minecraft:diamond_pickaxe":1,"minecraft:shield":1,"minecraft:stick":2816,"minecraft:iron_ingot":100,"minecraft:iron_pickaxe":1,"minecraft:iron_leggings":2,"minecraft:torch":140},"minecraft:picked_up":{"minecraft:crafting_table":3,"minecraft:wheat":1,"minecraft:azure_bluet":2,"minecraft:chicken":1,"minecraft:clay_ball":8,"minecraft:chest_minecart":2,"minecraft:wooden_pickaxe":1,"minecraft:oak_stairs":89,"minecraft:enchanted_book":7,"minecraft:amethyst_block":13,"minecraft:cornflower":3,"minecraft:string":65,"minecraft:soul_soil":15,"minecraft:beetroot":1,"minecraft:activator_rail":3,"minecraft:diamond_leggings":1,"minecraft:cobbled_deepslate":31,"minecraft:detector_rail":2,"minecraft:calcite":5,"minecraft:iron_pickaxe":1,"minecraft:phantom_membrane":2,"minecraft:chest":8,"minecraft:birch_sapling":1,"minecraft:furnace":12,"minecraft:iron_boots":1,"minecraft:egg":4,"minecraft:stick":35,"minecraft:raw_iron":145,"minecraft:oak_door":1,"minecraft:oak_fence":1,"minecraft:torch":10,"minecraft:porkchop":22,"minecraft:pointed_dripstone":2,"tombstone:grave_dust":3,"minecraft:diorite":3,"minecraft:arrow":10,"minecraft:rotten_flesh":20,"minecraft:beetroot_seeds":13,"minecraft:hay_block":30,"minecraft:gold_ingot":4,"minecraft:obsidian":20,"minecraft:glow_berries":26,"minecraft:mutton":26,"minecraft:rail":7,"minecraft:white_wool":15,"minecraft:cobblestone":399,"minecraft:stripped_oak_log":18,"minecraft:birch_log":22,"minecraft:feather":1,"minecraft:cooked_beef":5,"minecraft:water_bucket":1,"minecraft:brown_wool":1,"minecraft:red_mushroom":14,"minecraft:birch_planks":41,"minecraft:flint":1,"minecraft:tuff":1,"minecraft:oak_log":407,"minecraft:cobblestone_stairs":22,"minecraft:lapis_lazuli":95,"minecraft:dirt":930,"minecraft:name_tag":3,"minecraft:cooked_mutton":11,"minecraft:bone":16,"minecraft:apple":8,"minecraft:bow":2,"minecraft:wheat_seeds":12,"minecraft:iron_ingot":3,"minecraft:oak_planks":59,"minecraft:smooth_basalt":2,"minecraft:dandelion":5,"minecraft:dripstone_block":8,"minecraft:gravel":24,"minecraft:amethyst_shard":36,"minecraft:white_bed":1,"minecraft:spider_eye":2,"minecraft:mossy_cobblestone":28,"minecraft:diamond":29,"minecraft:iron_helmet":1,"minecraft:granite":2,"minecraft:golden_apple":6,"minecraft:bread":4,"minecraft:emerald":94,"minecraft:oak_button":1,"minecraft:oak_sapling":37,"minecraft:coal":444,"minecraft:diamond_pickaxe":2}},"DataVersion":3465}