{"stats":{"minecraft:used":{"minecraft:chest":5,"minecraft:shield":17,"minecraft:iron_sword":64,"minecraft:torch":36,"minecraft:dirt":11,"minecraft:iron_hoe":41,"minecraft:lava_bucket":6,"minecraft:iron_axe":243,"minecraft:bow":8,"minecraft:furnace":6,"minecraft:egg":3,"minecraft:cooked_beef":2,"minecraft:cobbled_deepslate":27,"minecraft:calcite":4,"minecraft:cooked_mutton":17,"minecraft:water_bucket":34,"minecraft:birch_planks":7,"minecraft:stone_pickaxe":57,"minecraft:wooden_pickaxe":51,"minecraft:crafting_table":5,"minecraft:bread":25,"minecraft:iron_pickaxe":313,"minecraft:stone_axe":67,"minecraft:cobblestone":129,"minecraft:cooked_porkchop":12,"minecraft:birch_log":1,"minecraft:bucket":41},"minecraft:custom":{"minecraft:mob_kills":47,"minecraft:interact_with_crafting_table":13,"minecraft:bell_ring":2,"minecraft:leave_game":5,"minecraft:time_since_death":192114,"minecraft:climb_one_cm":982,"minecraft:sprint_one_cm":542398,"minecraft:walk_one_cm":312072,"minecraft:damage_blocked_by_shield":835,"minecraft:drop":50,"minecraft:talked_to_villager":7,"minecraft:play_time":192114,"minecraft:sneak_time":6726,"minecraft:walk_under_water_one_cm":14111,"minecraft:jump":4044,"minecraft:interact_with_blast_furnace":4,"minecraft:walk_on_water_one_cm":25210,"minecraft:total_world_time":192114,"minecraft:interact_with_furnace":45,"minecraft:traded_with_villager":44,"minecraft:interact_with_grindstone":3,"minecraft:sleep_in_bed":8,"minecraft:time_since_rest":5163,"minecraft:damage_taken":2441,"minecraft:damage_dealt":5981,"minecraft:swim_one_cm":28359,"minecraft:fly_one_cm":648040,"minecraft:open_chest":31,"minecraft:crouch_one_cm":23195,"tombstone:undead_killed":4,"minecraft:fall_one_cm":113780},"minecraft:killed":{"minecraft:skeleton":7,"minecraft:chicken":1,"minecraft:pig":9,"minecraft:sheep":16,"minecraft:zombie":12},"minecraft:dropped":{"minecraft:birch_planks":6,"minecraft:wheat_seeds":3,"minecraft:cooked_porkchop":3,"minecraft:oak_fence":1,"minecraft:granite":2,"minecraft:activator_rail":2,"minecraft:dirt":4,"minecraft:diorite":3,"minecraft:torch":1,"minecraft:iron_pickaxe":1,"minecraft:birch_log":11,"minecraft:smooth_basalt":2,"minecraft:detector_rail":2,"minecraft:birch_sapling":1,"minecraft:rotten_flesh":1,"minecraft:clay_ball":8,"minecraft:cooked_mutton":22,"minecraft:oak_sapling":1,"minecraft:wooden_pickaxe":1,"minecraft:stone_pickaxe":1,"minecraft:calcite":1},"minecraft:crafted":{"minecraft:oak_planks":764,"minecraft:furnace":2,"minecraft:cooked_mutton":28,"minecraft:iron_boots":1,"minecraft:iron_axe":1,"minecraft:iron_hoe":1,"minecraft:stone_pickaxe":1,"minecraft:chest":4,"minecraft:emerald":44,"minecraft:cooked_porkchop":15,"minecraft:crafting_table":2,"minecraft:wooden_pickaxe":1,"minecraft:iron_helmet":1,"minecraft:iron_sword":1,"minecraft:bucket":1,"minecraft:birch_planks":40,"minecraft:stone_axe":1,"minecraft:air":0,"minecraft:iron_chestplate":1,"minecraft:shield":1,"minecraft:stick":1496,"minecraft:iron_ingot":100,"minecraft:iron_pickaxe":1,"minecraft:iron_leggings":1,"minecraft:torch":4},"minecraft:picked_up":{"minecraft:crafting_table":3,"minecraft:chicken":1,"minecraft:clay_ball":8,"minecraft:chest_minecart":1,"minecraft:wooden_pickaxe":1,"minecraft:amethyst_block":13,"minecraft:string":6,"minecraft:activator_rail":3,"minecraft:detector_rail":2,"minecraft:cobbled_deepslate":27,"minecraft:calcite":5,"minecraft:iron_pickaxe":1,"minecraft:chest":1,"minecraft:birch_sapling":1,"minecraft:furnace":8,"minecraft:egg":3,"minecraft:raw_iron":100,"minecraft:stick":9,"minecraft:oak_fence":1,"minecraft:torch":1,"minecraft:porkchop":18,"minecraft:diorite":3,"minecraft:arrow":3,"minecraft:rotten_flesh":9,"minecraft:hay_block":30,"minecraft:glow_berries":6,"minecraft:mutton":24,"minecraft:rail":4,"minecraft:white_wool":15,"minecraft:cobblestone":175,"minecraft:birch_log":22,"minecraft:feather":1,"minecraft:red_mushroom":14,"minecraft:birch_planks":40,"minecraft:oak_log":191,"minecraft:lapis_lazuli":11,"minecraft:dirt":18,"minecraft:cooked_mutton":11,"minecraft:bone":2,"minecraft:apple":4,"minecraft:bow":1,"minecraft:wheat_seeds":6,"minecraft:smooth_basalt":2,"minecraft:gravel":1,"minecraft:amethyst_shard":12,"minecraft:white_bed":1,"minecraft:diamond":6,"minecraft:granite":2,"minecraft:bread":3,"minecraft:oak_sapling":18,"minecraft:coal":112},"minecraft:mined":{"minecraft:large_amethyst_bud":2,"minecraft:tuff":3,"minecraft:white_bed":1,"minecraft:deepslate_diamond_ore":6,"minecraft:cave_vines_plant":1,"minecraft:granite":5,"minecraft:grass_block":3,"minecraft:moss_block":4,"minecraft:spawner":1,"minecraft:hay_block":30,"minecraft:furnace":8,"minecraft:iron_ore":84,"minecraft:andesite":13,"minecraft:deepslate_lapis_ore":2,"minecraft:deepslate_iron_ore":16,"minecraft:dirt_path":4,"minecraft:stone":172,"minecraft:medium_amethyst_bud":1,"minecraft:amethyst_cluster":3,"minecraft:powder_snow":3,"minecraft:crafting_table":4,"minecraft:oak_fence":1,"minecraft:clay":2,"minecraft:calcite":10,"minecraft:chest":1,"minecraft:tall_grass":2,"minecraft:copper_ore":3,"minecraft:cobblestone":6,"minecraft:diorite":4,"minecraft:wall_torch":1,"minecraft:amethyst_block":13,"minecraft:birch_log":11,"minecraft:birch_leaves":1,"minecraft:grass":40,"minecraft:oak_log":191,"minecraft:coal_ore":31,"minecraft:gravel":1,"minecraft:dirt":10,"minecraft:smooth_basalt":5,"minecraft:cobweb":6,"minecraft:red_mushroom_block":32,"minecraft:oak_leaves":40,"minecraft:deepslate":20},"minecraft:broken":{"minecraft:iron_axe":1}},"DataVersion":3465}