{"stats":{"minecraft:used":{"minecraft:calcite":4,"minecraft:cooked_mutton":6,"minecraft:birch_planks":1,"minecraft:stone_pickaxe":57,"minecraft:wooden_pickaxe":51,"minecraft:shield":5,"minecraft:torch":16,"minecraft:dirt":5,"minecraft:crafting_table":2,"minecraft:iron_pickaxe":136,"minecraft:stone_axe":67,"minecraft:cobblestone":77,"minecraft:furnace":2,"minecraft:cooked_porkchop":5,"minecraft:birch_log":1},"minecraft:mined":{"minecraft:large_amethyst_bud":1,"minecraft:medium_amethyst_bud":1,"minecraft:clay":2,"minecraft:crafting_table":2,"minecraft:granite":3,"minecraft:grass_block":1,"minecraft:calcite":5,"minecraft:moss_block":1,"minecraft:amethyst_block":4,"minecraft:furnace":2,"minecraft:birch_log":11,"minecraft:iron_ore":77,"minecraft:birch_leaves":1,"minecraft:grass":1,"minecraft:coal_ore":31,"minecraft:dirt":4,"minecraft:smooth_basalt":2,"minecraft:red_mushroom_block":32,"minecraft:stone":114},"minecraft:crafted":{"minecraft:cooked_porkchop":15,"minecraft:crafting_table":1,"minecraft:wooden_pickaxe":1,"minecraft:furnace":2,"minecraft:birch_planks":40,"minecraft:stone_axe":1,"minecraft:cooked_mutton":6,"minecraft:air":0,"minecraft:shield":1,"minecraft:stick":8,"minecraft:iron_ingot":2,"minecraft:stone_pickaxe":1},"minecraft:dropped":{"minecraft:wooden_pickaxe":1,"minecraft:iron_pickaxe":1,"minecraft:birch_log":11},"minecraft:killed":{"minecraft:pig":8,"minecraft:sheep":4,"minecraft:skeleton":2,"minecraft:zombie":4},"minecraft:picked_up":{"minecraft:birch_log":22,"minecraft:crafting_table":2,"minecraft:clay_ball":8,"minecraft:chest_minecart":1,"minecraft:wooden_pickaxe":1,"minecraft:red_mushroom":14,"minecraft:amethyst_block":4,"minecraft:dirt":5,"minecraft:activator_rail":3,"minecraft:detector_rail":2,"minecraft:calcite":5,"minecraft:iron_pickaxe":1,"minecraft:birch_sapling":1,"minecraft:furnace":2,"minecraft:raw_iron":77,"minecraft:smooth_basalt":2,"minecraft:porkchop":15,"minecraft:rotten_flesh":1,"minecraft:granite":2,"minecraft:bread":3,"minecraft:glow_berries":5,"minecraft:mutton":6,"minecraft:coal":50,"minecraft:white_wool":4,"minecraft:rail":4,"minecraft:cobblestone":113},"minecraft:custom":{"minecraft:interact_with_furnace":17,"minecraft:mob_kills":18,"minecraft:interact_with_crafting_table":5,"minecraft:leave_game":2,"minecraft:time_since_death":39761,"minecraft:climb_one_cm":982,"minecraft:time_since_rest":39761,"minecraft:sprint_one_cm":179791,"minecraft:damage_taken":555,"minecraft:walk_one_cm":102918,"minecraft:damage_blocked_by_shield":145,"minecraft:drop":4,"minecraft:damage_dealt":2240,"minecraft:swim_one_cm":657,"minecraft:fly_one_cm":73872,"minecraft:crouch_one_cm":10243,"minecraft:play_time":39761,"minecraft:sneak_time":2816,"minecraft:walk_under_water_one_cm":409,"minecraft:jump":750,"minecraft:walk_on_water_one_cm":3742,"minecraft:total_world_time":39761,"minecraft:fall_one_cm":13052}},"DataVersion":3465}