{"stats":{"minecraft:used":{"minecraft:lava_bucket":2,"minecraft:stone_sword":3,"minecraft:oak_planks":8,"minecraft:ender_pearl":1,"minecraft:iron_sword":3,"minecraft:cooked_chicken":1,"minecraft:golden_apple":1,"minecraft:torch":1,"minecraft:dirt":5,"minecraft:cobblestone":1,"tombstone:gift":1,"minecraft:bucket":2,"minecraft:white_bed":1,"minecraft:egg":3},"minecraft:killed_by":{"minecraft:skeleton":2},"minecraft:custom":{"minecraft:time_since_rest":1390,"minecraft:interact_with_furnace":19,"minecraft:sprint_one_cm":120241,"minecraft:damage_taken":1531,"minecraft:walk_one_cm":45082,"minecraft:mob_kills":2,"minecraft:drop":9,"minecraft:damage_dealt":195,"minecraft:swim_one_cm":5541,"minecraft:interact_with_crafting_table":8,"minecraft:fly_one_cm":81369,"minecraft:open_chest":6,"tombstone:undead_killed":1,"minecraft:crouch_one_cm":355,"minecraft:play_time":33807,"minecraft:deaths":4,"minecraft:sneak_time":179,"minecraft:walk_under_water_one_cm":269,"minecraft:jump":493,"minecraft:leave_game":1,"minecraft:time_since_death":1621,"minecraft:walk_on_water_one_cm":216,"minecraft:sleep_in_bed":3,"minecraft:total_world_time":33807,"minecraft:fall_one_cm":15303},"minecraft:killed":{"minecraft:zombie":1,"minecraft:chicken":1},"minecraft:dropped":{"tombstone:grave_dust":1,"minecraft:raw_gold":5,"minecraft:string":2,"minecraft:leather_helmet":1},"minecraft:crafted":{"minecraft:oak_planks":8,"minecraft:iron_boots":1,"minecraft:cooked_chicken":1,"minecraft:iron_helmet":1,"minecraft:iron_pickaxe":1,"minecraft:iron_ingot":34,"minecraft:iron_sword":1,"minecraft:iron_leggings":1,"minecraft:bucket":1,"minecraft:air":0},"minecraft:picked_up":{"minecraft:stick":4,"minecraft:raw_iron":34,"minecraft:feather":1,"minecraft:chicken":1,"minecraft:torch":2,"minecraft:lava_bucket":1,"minecraft:oak_log":2,"minecraft:white_bed":1,"minecraft:string":2,"minecraft:dirt":8,"minecraft:stone_sword":1,"minecraft:diamond":1,"minecraft:raw_gold":5,"minecraft:golden_apple":1,"minecraft:egg":1,"minecraft:ender_pearl":1},"minecraft:mined":{"minecraft:white_bed":2,"minecraft:fire":1,"minecraft:torch":1,"minecraft:oak_log":2,"minecraft:grass":1,"minecraft:grass_block":4,"minecraft:dirt":5}},"DataVersion":3465}