{"stats":{"minecraft:used":{"minecraft:stone_sword":3,"minecraft:chest":1,"minecraft:shield":19,"minecraft:iron_sword":50,"minecraft:cooked_chicken":3,"minecraft:rotten_flesh":2,"minecraft:torch":8,"minecraft:dirt":91,"minecraft:tuff":33,"minecraft:lava_bucket":9,"minecraft:iron_axe":1,"minecraft:furnace":1,"minecraft:oak_sapling":1,"minecraft:egg":3,"tombstone:gift":7,"minecraft:cooked_beef":2,"minecraft:cobbled_deepslate":89,"minecraft:wheat_seeds":3,"minecraft:cooked_mutton":1,"minecraft:water_bucket":4,"minecraft:oak_planks":34,"minecraft:ender_pearl":1,"minecraft:golden_apple":1,"minecraft:golden_hoe":28,"minecraft:crafting_table":2,"minecraft:white_bed":1,"minecraft:apple":9,"minecraft:diamond_pickaxe":287,"minecraft:cornflower":1,"minecraft:iron_pickaxe":250,"tombstone:grave_key":1,"minecraft:stone_axe":29,"minecraft:diamond_sword":16,"minecraft:cobblestone":14,"minecraft:cooked_porkchop":14,"minecraft:bucket":14,"minecraft:andesite":16},"minecraft:killed_by":{"minecraft:piglin_brute":2,"minecraft:skeleton":3},"minecraft:custom":{"minecraft:mob_kills":20,"minecraft:interact_with_crafting_table":31,"minecraft:leave_game":2,"minecraft:time_since_death":12190,"minecraft:sprint_one_cm":420121,"minecraft:walk_one_cm":231032,"minecraft:damage_blocked_by_shield":1500,"minecraft:drop":17,"minecraft:play_time":170452,"minecraft:deaths":8,"minecraft:sneak_time":4289,"minecraft:walk_under_water_one_cm":17658,"minecraft:jump":2486,"minecraft:walk_on_water_one_cm":11933,"minecraft:total_world_time":170452,"minecraft:interact_with_furnace":55,"minecraft:sleep_in_bed":4,"minecraft:time_since_rest":9791,"minecraft:damage_taken":4174,"tombstone:sneak_grave":1,"minecraft:damage_dealt":2745,"minecraft:swim_one_cm":23000,"minecraft:fly_one_cm":403187,"minecraft:open_chest":24,"minecraft:crouch_one_cm":6242,"tombstone:undead_killed":11,"minecraft:fall_one_cm":63047,"minecraft:horse_one_cm":44245},"minecraft:killed":{"minecraft:skeleton":4,"minecraft:chicken":3,"minecraft:drowned":1,"minecraft:skeleton_horse":1,"minecraft:pig":2,"minecraft:sheep":1,"minecraft:zombie":5,"minecraft:cow":1},"minecraft:dropped":{"minecraft:iron_helmet":1,"minecraft:leather_helmet":1,"tombstone:grave_key":1,"tombstone:grave_dust":1,"minecraft:iron_leggings":1,"minecraft:string":2,"minecraft:iron_boots":1,"minecraft:shield":1,"minecraft:iron_chestplate":1,"minecraft:oak_sapling":1,"tombstone:essence_of_undeath":1,"minecraft:raw_gold":5},"minecraft:crafted":{"minecraft:oak_planks":68,"minecraft:cooked_chicken":4,"minecraft:furnace":1,"minecraft:cooked_mutton":1,"minecraft:diamond_helmet":1,"minecraft:iron_boots":1,"minecraft:diamond_leggings":1,"minecraft:chest":1,"minecraft:diamond_boots":1,"minecraft:golden_boots":1,"minecraft:cooked_beef":6,"minecraft:diamond_sword":1,"minecraft:cooked_porkchop":34,"minecraft:crafting_table":1,"minecraft:iron_helmet":1,"minecraft:iron_sword":1,"minecraft:bucket":1,"minecraft:birch_planks":20,"minecraft:stone_axe":1,"minecraft:air":0,"minecraft:iron_chestplate":1,"minecraft:diamond_pickaxe":1,"minecraft:shield":2,"minecraft:stick":12,"minecraft:iron_ingot":34,"minecraft:iron_pickaxe":1,"minecraft:iron_leggings":1,"minecraft:gold_ingot":4,"minecraft:torch":8,"minecraft:diamond_chestplate":1},"minecraft:picked_up":{"minecraft:crafting_table":1,"minecraft:chicken":3,"minecraft:cornflower":1,"minecraft:string":2,"minecraft:iron_axe":1,"minecraft:flint_and_steel":1,"minecraft:blackstone":18,"minecraft:cobbled_deepslate":348,"minecraft:beef":3,"minecraft:egg":2,"minecraft:raw_iron":34,"minecraft:stick":4,"minecraft:torch":5,"minecraft:porkchop":4,"tombstone:grave_dust":2,"minecraft:redstone":8,"minecraft:stone_sword":1,"minecraft:arrow":2,"minecraft:rotten_flesh":7,"minecraft:golden_hoe":1,"minecraft:saddle":1,"tombstone:essence_of_undeath":1,"minecraft:mutton":1,"minecraft:obsidian":13,"minecraft:white_wool":1,"minecraft:cobblestone":64,"minecraft:birch_log":5,"minecraft:feather":1,"minecraft:cooked_beef":4,"minecraft:andesite":16,"minecraft:tuff":33,"minecraft:oak_log":17,"minecraft:gunpowder":2,"minecraft:dirt":91,"minecraft:bone":2,"minecraft:apple":1,"minecraft:wheat_seeds":1,"minecraft:raw_gold":5,"minecraft:oak_planks":1,"minecraft:lava_bucket":1,"minecraft:white_bed":1,"minecraft:grass_block":1,"minecraft:dark_oak_log":4,"minecraft:bundle":1,"minecraft:diamond":52,"minecraft:iron_helmet":2,"minecraft:golden_apple":1,"minecraft:oak_sapling":3,"minecraft:netherrack":10,"minecraft:ender_pearl":2},"minecraft:mined":{"minecraft:tuff":34,"minecraft:white_bed":2,"minecraft:deepslate_diamond_ore":51,"minecraft:dark_oak_log":4,"minecraft:obsidian":9,"minecraft:grass_block":18,"minecraft:redstone_ore":2,"minecraft:fire":1,"minecraft:cobbled_deepslate":3,"minecraft:andesite":16,"minecraft:stone":50,"minecraft:blackstone":14,"minecraft:soul_fire":6,"minecraft:basalt":1,"minecraft:crafting_table":1,"minecraft:torch":1,"minecraft:cobblestone":1,"minecraft:oak_planks":1,"minecraft:wall_torch":2,"minecraft:birch_log":5,"minecraft:grass":8,"minecraft:oak_log":16,"minecraft:dirt":13,"minecraft:netherrack":10,"minecraft:oak_leaves":5,"minecraft:deepslate":344},"minecraft:broken":{"minecraft:iron_pickaxe":1}},"DataVersion":3465}