{"stats":{"minecraft:used":{"minecraft:cooked_mutton":1,"minecraft:water_bucket":4,"minecraft:stone_sword":3,"minecraft:oak_planks":10,"minecraft:ender_pearl":1,"minecraft:shield":16,"minecraft:iron_sword":49,"minecraft:cooked_chicken":3,"minecraft:torch":3,"minecraft:golden_apple":1,"minecraft:dirt":70,"minecraft:white_bed":1,"minecraft:cornflower":1,"minecraft:apple":9,"minecraft:lava_bucket":9,"minecraft:iron_pickaxe":1,"minecraft:stone_axe":7,"minecraft:cobblestone":8,"minecraft:oak_sapling":1,"minecraft:furnace":1,"minecraft:cooked_porkchop":8,"minecraft:bucket":14,"tombstone:gift":3,"minecraft:egg":3},"minecraft:killed_by":{"minecraft:skeleton":3},"minecraft:custom":{"minecraft:interact_with_furnace":47,"minecraft:mob_kills":17,"minecraft:interact_with_crafting_table":15,"minecraft:leave_game":2,"minecraft:time_since_death":3001,"minecraft:sleep_in_bed":4,"minecraft:time_since_rest":1253,"minecraft:sprint_one_cm":302378,"tombstone:sneak_grave":1,"minecraft:damage_taken":2932,"minecraft:walk_one_cm":153100,"minecraft:damage_blocked_by_shield":1230,"minecraft:drop":12,"minecraft:damage_dealt":2020,"minecraft:swim_one_cm":14899,"minecraft:fly_one_cm":297879,"minecraft:open_chest":12,"minecraft:crouch_one_cm":1422,"minecraft:play_time":92452,"tombstone:undead_killed":9,"minecraft:deaths":6,"minecraft:sneak_time":925,"minecraft:walk_under_water_one_cm":13771,"minecraft:jump":1622,"minecraft:walk_on_water_one_cm":6073,"minecraft:total_world_time":92452,"minecraft:fall_one_cm":46037,"minecraft:horse_one_cm":44245},"minecraft:killed":{"minecraft:pig":2,"minecraft:skeleton":2,"minecraft:sheep":1,"minecraft:zombie":5,"minecraft:chicken":3,"minecraft:drowned":1,"minecraft:skeleton_horse":1,"minecraft:cow":1},"minecraft:dropped":{"minecraft:iron_helmet":1,"minecraft:leather_helmet":1,"tombstone:grave_key":1,"tombstone:grave_dust":1,"tombstone:essence_of_undeath":1,"minecraft:raw_gold":5,"minecraft:string":2},"minecraft:crafted":{"minecraft:cooked_beef":3,"minecraft:oak_planks":36,"minecraft:cooked_porkchop":34,"minecraft:iron_helmet":1,"minecraft:cooked_chicken":4,"minecraft:iron_sword":1,"minecraft:furnace":1,"minecraft:bucket":1,"minecraft:stone_axe":1,"minecraft:cooked_mutton":1,"minecraft:air":0,"minecraft:iron_boots":1,"minecraft:iron_chestplate":1,"minecraft:shield":1,"minecraft:iron_ingot":34,"minecraft:iron_pickaxe":1,"minecraft:iron_leggings":1,"minecraft:torch":8},"minecraft:picked_up":{"minecraft:feather":1,"minecraft:cooked_beef":4,"minecraft:chicken":3,"minecraft:oak_log":9,"minecraft:gunpowder":2,"minecraft:cornflower":1,"minecraft:string":2,"minecraft:dirt":84,"minecraft:bone":2,"minecraft:apple":1,"minecraft:wheat_seeds":1,"minecraft:raw_gold":5,"minecraft:beef":3,"minecraft:egg":1,"minecraft:stick":4,"minecraft:raw_iron":34,"minecraft:torch":2,"minecraft:lava_bucket":1,"minecraft:porkchop":4,"tombstone:grave_dust":2,"minecraft:white_bed":1,"minecraft:stone_sword":1,"minecraft:arrow":2,"minecraft:rotten_flesh":5,"minecraft:diamond":1,"minecraft:golden_hoe":1,"minecraft:iron_helmet":1,"minecraft:golden_apple":1,"minecraft:saddle":1,"tombstone:essence_of_undeath":1,"minecraft:oak_sapling":2,"minecraft:mutton":1,"minecraft:cobblestone":1,"minecraft:white_wool":1,"minecraft:ender_pearl":1},"minecraft:mined":{"minecraft:white_bed":2,"minecraft:torch":1,"minecraft:grass_block":9,"minecraft:cobblestone":1,"minecraft:fire":1,"minecraft:grass":8,"minecraft:oak_log":8,"minecraft:dirt":12,"minecraft:oak_leaves":1}},"DataVersion":3465}