{"stats":{"minecraft:broken":{"minecraft:iron_pickaxe":1},"minecraft:custom":{"minecraft:mob_kills":21,"minecraft:interact_with_crafting_table":31,"minecraft:leave_game":3,"minecraft:time_since_death":28641,"minecraft:sprint_one_cm":446818,"minecraft:walk_one_cm":252896,"minecraft:damage_blocked_by_shield":1750,"minecraft:drop":46,"minecraft:play_time":186903,"minecraft:deaths":8,"minecraft:sneak_time":5349,"minecraft:walk_under_water_one_cm":17658,"minecraft:jump":2695,"minecraft:walk_on_water_one_cm":11933,"minecraft:total_world_time":186903,"minecraft:interact_with_furnace":55,"minecraft:sleep_in_bed":4,"minecraft:time_since_rest":26242,"minecraft:damage_taken":4425,"tombstone:sneak_grave":1,"minecraft:damage_dealt":3117,"minecraft:swim_one_cm":23000,"minecraft:fly_one_cm":415561,"minecraft:open_chest":24,"minecraft:crouch_one_cm":9003,"tombstone:undead_killed":12,"minecraft:fall_one_cm":66863,"minecraft:horse_one_cm":44245},"minecraft:killed_by":{"minecraft:piglin_brute":2,"minecraft:skeleton":3},"minecraft:killed":{"minecraft:skeleton":5,"minecraft:chicken":3,"minecraft:drowned":1,"minecraft:skeleton_horse":1,"minecraft:pig":2,"minecraft:sheep":1,"minecraft:zombie":5,"minecraft:cow":1},"minecraft:used":{"minecraft:stone_sword":4,"minecraft:chest":1,"minecraft:shield":23,"minecraft:iron_sword":50,"minecraft:cooked_chicken":3,"minecraft:rotten_flesh":2,"minecraft:torch":8,"minecraft:dirt":91,"minecraft:tuff":33,"minecraft:lava_bucket":12,"minecraft:iron_axe":1,"minecraft:furnace":1,"minecraft:oak_sapling":1,"tombstone:gift":7,"minecraft:egg":3,"minecraft:cooked_beef":3,"minecraft:cobbled_deepslate":144,"minecraft:wheat_seeds":3,"minecraft:cooked_mutton":1,"minecraft:water_bucket":4,"minecraft:oak_planks":34,"minecraft:blackstone":88,"minecraft:ender_pearl":1,"minecraft:golden_apple":1,"minecraft:golden_hoe":28,"minecraft:crafting_table":2,"minecraft:white_bed":1,"minecraft:diamond_pickaxe":373,"minecraft:cornflower":1,"minecraft:apple":9,"minecraft:iron_pickaxe":250,"tombstone:grave_key":1,"minecraft:stone_axe":29,"minecraft:diamond_sword":21,"minecraft:cobblestone":78,"minecraft:cooked_porkchop":16,"minecraft:bucket":17,"minecraft:andesite":16},"minecraft:mined":{"minecraft:tuff":34,"minecraft:white_bed":2,"minecraft:deepslate_diamond_ore":51,"minecraft:dark_oak_log":4,"minecraft:obsidian":9,"minecraft:grass_block":18,"minecraft:polished_blackstone_bricks":1,"minecraft:redstone_ore":2,"minecraft:cobbled_deepslate":7,"minecraft:fire":1,"minecraft:andesite":16,"minecraft:stone":50,"minecraft:blackstone":39,"minecraft:soul_fire":7,"minecraft:basalt":2,"minecraft:crafting_table":1,"minecraft:torch":1,"minecraft:cobblestone":6,"minecraft:oak_planks":1,"minecraft:wall_torch":2,"minecraft:birch_log":5,"minecraft:grass":8,"minecraft:oak_log":16,"minecraft:dirt":13,"minecraft:netherrack":56,"minecraft:oak_leaves":5,"minecraft:deepslate":344},"minecraft:dropped":{"minecraft:golden_boots":1,"minecraft:iron_sword":3,"minecraft:iron_helmet":1,"minecraft:cobblestone":24,"minecraft:grass_block":2,"minecraft:leather_helmet":1,"minecraft:lava_bucket":2,"minecraft:dark_oak_log":8,"tombstone:grave_key":1,"tombstone:grave_dust":1,"minecraft:iron_leggings":1,"minecraft:iron_axe":1,"minecraft:polished_blackstone_bricks":13,"minecraft:string":2,"minecraft:stone_axe":1,"minecraft:blackstone":8,"minecraft:stone_sword":3,"tombstone:gift":2,"minecraft:iron_boots":1,"minecraft:flint_and_steel":1,"minecraft:shield":1,"minecraft:bundle":1,"minecraft:iron_chestplate":1,"minecraft:oak_sapling":1,"tombstone:essence_of_undeath":1,"minecraft:basalt":2,"minecraft:stone_pickaxe":1,"minecraft:raw_gold":5,"minecraft:netherrack":20,"minecraft:egg":2},"minecraft:crafted":{"minecraft:oak_planks":68,"minecraft:cooked_chicken":4,"minecraft:furnace":1,"minecraft:cooked_mutton":1,"minecraft:diamond_helmet":1,"minecraft:iron_boots":1,"minecraft:diamond_leggings":1,"minecraft:chest":1,"minecraft:diamond_boots":1,"minecraft:golden_boots":1,"minecraft:cooked_beef":6,"minecraft:diamond_sword":1,"minecraft:cooked_porkchop":34,"minecraft:crafting_table":1,"minecraft:iron_helmet":1,"minecraft:iron_sword":1,"minecraft:bucket":1,"minecraft:birch_planks":20,"minecraft:stone_axe":1,"minecraft:air":0,"minecraft:iron_chestplate":1,"minecraft:diamond_pickaxe":1,"minecraft:shield":2,"minecraft:stick":12,"minecraft:iron_ingot":34,"minecraft:iron_pickaxe":1,"minecraft:iron_leggings":1,"minecraft:gold_ingot":4,"minecraft:torch":8,"minecraft:diamond_chestplate":1},"minecraft:picked_up":{"minecraft:crafting_table":1,"minecraft:chicken":3,"minecraft:diamond_sword":1,"minecraft:shield":1,"minecraft:cornflower":1,"minecraft:string":2,"minecraft:iron_axe":2,"minecraft:flint_and_steel":3,"minecraft:blackstone":168,"minecraft:diamond_leggings":1,"minecraft:cobbled_deepslate":355,"minecraft:beef":3,"minecraft:egg":2,"minecraft:stick":4,"minecraft:raw_iron":34,"minecraft:torch":5,"minecraft:porkchop":4,"minecraft:polished_blackstone_bricks":13,"tombstone:grave_dust":4,"minecraft:redstone":8,"minecraft:diamond_chestplate":1,"minecraft:stone_sword":3,"minecraft:arrow":3,"minecraft:rotten_flesh":7,"minecraft:golden_hoe":1,"minecraft:diamond_boots":1,"minecraft:saddle":1,"tombstone:essence_of_undeath":1,"minecraft:mutton":1,"minecraft:obsidian":13,"minecraft:white_wool":1,"minecraft:cobblestone":69,"minecraft:birch_log":5,"minecraft:basalt":1,"minecraft:feather":1,"minecraft:cooked_beef":4,"minecraft:andesite":16,"minecraft:tuff":33,"minecraft:oak_log":17,"minecraft:golden_boots":1,"minecraft:gunpowder":2,"minecraft:dirt":91,"tombstone:gift":1,"minecraft:bone":2,"minecraft:apple":1,"minecraft:wheat_seeds":1,"minecraft:raw_gold":5,"minecraft:stone_pickaxe":1,"minecraft:diamond_helmet":1,"minecraft:iron_sword":3,"minecraft:oak_planks":1,"minecraft:lava_bucket":3,"minecraft:white_bed":1,"minecraft:grass_block":1,"minecraft:dark_oak_log":4,"minecraft:bundle":3,"minecraft:diamond":52,"minecraft:stone_axe":1,"minecraft:iron_helmet":2,"minecraft:golden_apple":1,"minecraft:oak_sapling":3,"minecraft:netherrack":10,"minecraft:ender_pearl":2}},"DataVersion":3465}