{"stats":{"minecraft:used":{"minecraft:cooked_mutton":1,"minecraft:water_bucket":4,"minecraft:stone_sword":3,"minecraft:oak_planks":24,"minecraft:ender_pearl":1,"minecraft:shield":16,"minecraft:iron_sword":49,"minecraft:cooked_chicken":3,"minecraft:torch":7,"minecraft:golden_apple":1,"minecraft:dirt":70,"minecraft:crafting_table":2,"minecraft:white_bed":1,"minecraft:tuff":14,"minecraft:diamond_pickaxe":135,"minecraft:cornflower":1,"minecraft:apple":9,"minecraft:lava_bucket":9,"minecraft:iron_pickaxe":250,"minecraft:stone_axe":8,"minecraft:cobblestone":8,"minecraft:oak_sapling":1,"minecraft:furnace":1,"minecraft:cooked_porkchop":8,"minecraft:bucket":14,"tombstone:gift":3,"minecraft:egg":3},"minecraft:killed_by":{"minecraft:skeleton":3},"minecraft:custom":{"minecraft:interact_with_furnace":47,"minecraft:mob_kills":17,"minecraft:interact_with_crafting_table":21,"minecraft:leave_game":2,"minecraft:time_since_death":33001,"minecraft:sleep_in_bed":4,"minecraft:time_since_rest":31253,"minecraft:sprint_one_cm":318741,"tombstone:sneak_grave":1,"minecraft:damage_taken":2968,"minecraft:walk_one_cm":183961,"minecraft:damage_blocked_by_shield":1230,"minecraft:drop":15,"minecraft:damage_dealt":2024,"minecraft:swim_one_cm":14899,"minecraft:fly_one_cm":311349,"minecraft:open_chest":12,"minecraft:crouch_one_cm":3310,"minecraft:play_time":122452,"tombstone:undead_killed":9,"minecraft:deaths":6,"minecraft:sneak_time":2085,"minecraft:walk_under_water_one_cm":13796,"minecraft:jump":1745,"minecraft:walk_on_water_one_cm":6499,"minecraft:total_world_time":122452,"minecraft:fall_one_cm":48437,"minecraft:horse_one_cm":44245},"minecraft:killed":{"minecraft:pig":2,"minecraft:skeleton":2,"minecraft:sheep":1,"minecraft:zombie":5,"minecraft:chicken":3,"minecraft:drowned":1,"minecraft:skeleton_horse":1,"minecraft:cow":1},"minecraft:dropped":{"minecraft:iron_helmet":1,"minecraft:iron_boots":1,"minecraft:leather_helmet":1,"tombstone:grave_key":1,"minecraft:iron_chestplate":1,"minecraft:iron_leggings":1,"tombstone:grave_dust":1,"tombstone:essence_of_undeath":1,"minecraft:raw_gold":5,"minecraft:string":2},"minecraft:crafted":{"minecraft:cooked_beef":3,"minecraft:oak_planks":36,"minecraft:cooked_porkchop":34,"minecraft:crafting_table":1,"minecraft:iron_helmet":1,"minecraft:cooked_chicken":4,"minecraft:iron_sword":1,"minecraft:furnace":1,"minecraft:bucket":1,"minecraft:stone_axe":1,"minecraft:cooked_mutton":1,"minecraft:air":0,"minecraft:diamond_leggings":1,"minecraft:iron_boots":1,"minecraft:iron_chestplate":1,"minecraft:diamond_pickaxe":1,"minecraft:shield":1,"minecraft:iron_ingot":34,"minecraft:iron_pickaxe":1,"minecraft:diamond_boots":1,"minecraft:iron_leggings":1,"minecraft:torch":8,"minecraft:diamond_chestplate":1},"minecraft:picked_up":{"minecraft:crafting_table":1,"minecraft:feather":1,"minecraft:cooked_beef":4,"minecraft:chicken":3,"minecraft:tuff":18,"minecraft:oak_log":9,"minecraft:gunpowder":2,"minecraft:cornflower":1,"minecraft:string":2,"minecraft:dirt":84,"minecraft:bone":2,"minecraft:apple":1,"minecraft:wheat_seeds":1,"minecraft:cobbled_deepslate":320,"minecraft:raw_gold":5,"minecraft:beef":3,"minecraft:egg":1,"minecraft:stick":4,"minecraft:raw_iron":34,"minecraft:torch":5,"minecraft:lava_bucket":1,"minecraft:porkchop":4,"tombstone:grave_dust":2,"minecraft:white_bed":1,"minecraft:stone_sword":1,"minecraft:arrow":2,"minecraft:rotten_flesh":7,"minecraft:diamond":47,"minecraft:golden_hoe":1,"minecraft:iron_helmet":2,"minecraft:golden_apple":1,"minecraft:saddle":1,"tombstone:essence_of_undeath":1,"minecraft:oak_sapling":2,"minecraft:mutton":1,"minecraft:cobblestone":1,"minecraft:white_wool":1,"minecraft:ender_pearl":1},"minecraft:mined":{"minecraft:tuff":19,"minecraft:white_bed":2,"minecraft:deepslate_diamond_ore":46,"minecraft:crafting_table":1,"minecraft:torch":1,"minecraft:grass_block":9,"minecraft:cobblestone":1,"minecraft:wall_torch":2,"minecraft:fire":1,"minecraft:grass":8,"minecraft:oak_log":8,"minecraft:dirt":12,"minecraft:oak_leaves":1,"minecraft:deepslate":318},"minecraft:broken":{"minecraft:iron_pickaxe":1}},"DataVersion":3465}