{"stats":{"minecraft:used":{"minecraft:cooked_mutton":1,"minecraft:water_bucket":4,"minecraft:stone_sword":3,"minecraft:oak_planks":8,"minecraft:ender_pearl":1,"minecraft:iron_sword":11,"minecraft:cooked_chicken":3,"minecraft:torch":1,"minecraft:golden_apple":1,"minecraft:dirt":5,"minecraft:white_bed":1,"minecraft:cornflower":1,"minecraft:apple":5,"minecraft:lava_bucket":3,"minecraft:stone_axe":7,"minecraft:cobblestone":1,"minecraft:oak_sapling":1,"minecraft:furnace":1,"minecraft:bucket":8,"tombstone:gift":1,"minecraft:egg":3},"minecraft:killed_by":{"minecraft:skeleton":2},"minecraft:custom":{"minecraft:interact_with_furnace":44,"minecraft:mob_kills":6,"minecraft:interact_with_crafting_table":14,"minecraft:leave_game":2,"minecraft:time_since_death":36266,"minecraft:sleep_in_bed":3,"minecraft:time_since_rest":36035,"minecraft:sprint_one_cm":231230,"minecraft:damage_taken":1603,"minecraft:walk_one_cm":109698,"minecraft:drop":10,"minecraft:damage_dealt":515,"minecraft:swim_one_cm":6565,"minecraft:fly_one_cm":203715,"minecraft:open_chest":10,"minecraft:crouch_one_cm":988,"minecraft:play_time":68452,"tombstone:undead_killed":1,"minecraft:deaths":4,"minecraft:sneak_time":447,"minecraft:walk_under_water_one_cm":6662,"minecraft:jump":1123,"minecraft:walk_on_water_one_cm":4029,"minecraft:total_world_time":68452,"minecraft:fall_one_cm":30038,"minecraft:horse_one_cm":730},"minecraft:killed":{"minecraft:pig":2,"minecraft:sheep":1,"minecraft:zombie":1,"minecraft:chicken":2},"minecraft:dropped":{"minecraft:leather_helmet":1,"tombstone:grave_dust":1,"tombstone:essence_of_undeath":1,"minecraft:raw_gold":5,"minecraft:string":2},"minecraft:crafted":{"minecraft:oak_planks":32,"minecraft:cooked_porkchop":34,"minecraft:iron_helmet":1,"minecraft:cooked_chicken":3,"minecraft:iron_sword":1,"minecraft:furnace":1,"minecraft:bucket":1,"minecraft:stone_axe":1,"minecraft:cooked_mutton":1,"minecraft:air":0,"minecraft:iron_boots":1,"minecraft:iron_chestplate":1,"minecraft:shield":1,"minecraft:iron_ingot":34,"minecraft:iron_pickaxe":1,"minecraft:iron_leggings":1,"minecraft:torch":8},"minecraft:picked_up":{"minecraft:feather":1,"minecraft:chicken":2,"minecraft:oak_log":8,"minecraft:cornflower":1,"minecraft:string":2,"minecraft:dirt":8,"minecraft:raw_gold":5,"minecraft:egg":1,"minecraft:stick":4,"minecraft:raw_iron":34,"minecraft:torch":2,"minecraft:lava_bucket":1,"minecraft:porkchop":4,"minecraft:white_bed":1,"minecraft:stone_sword":1,"minecraft:diamond":1,"minecraft:golden_hoe":1,"minecraft:golden_apple":1,"tombstone:essence_of_undeath":1,"minecraft:oak_sapling":1,"minecraft:mutton":1,"minecraft:white_wool":1,"minecraft:ender_pearl":1},"minecraft:mined":{"minecraft:white_bed":2,"minecraft:torch":1,"minecraft:grass_block":6,"minecraft:fire":1,"minecraft:grass":2,"minecraft:oak_log":8,"minecraft:dirt":5,"minecraft:oak_leaves":1}},"DataVersion":3465}