{"stats":{"minecraft:used":{"minecraft:dirt":2,"tombstone:gift":1},"minecraft:killed_by":{"minecraft:skeleton":2},"minecraft:custom":{"minecraft:time_since_rest":285,"minecraft:walk_one_cm":10939,"minecraft:crouch_one_cm":104,"minecraft:sprint_one_cm":52325,"minecraft:play_time":9807,"minecraft:damage_taken":1195,"minecraft:deaths":3,"minecraft:sneak_time":112,"minecraft:drop":3,"minecraft:jump":193,"minecraft:leave_game":1,"minecraft:time_since_death":0,"minecraft:total_world_time":9807,"minecraft:fall_one_cm":9203,"minecraft:fly_one_cm":34110},"minecraft:dropped":{"tombstone:grave_dust":1,"minecraft:string":2},"minecraft:picked_up":{"minecraft:stone_sword":1,"minecraft:dirt":2,"minecraft:string":2},"minecraft:mined":{"minecraft:grass":1,"minecraft:grass_block":2,"minecraft:dirt":1}},"DataVersion":3465}