{"stats":{"minecraft:used":{"minecraft:wheat_seeds":3,"minecraft:cooked_mutton":1,"minecraft:water_bucket":4,"minecraft:stone_sword":3,"minecraft:oak_planks":24,"minecraft:ender_pearl":1,"minecraft:shield":16,"minecraft:iron_sword":50,"minecraft:cooked_chicken":3,"minecraft:torch":8,"minecraft:golden_apple":1,"minecraft:golden_hoe":28,"minecraft:dirt":75,"minecraft:crafting_table":2,"minecraft:white_bed":1,"minecraft:tuff":33,"minecraft:diamond_pickaxe":249,"minecraft:cornflower":1,"minecraft:apple":9,"minecraft:lava_bucket":9,"minecraft:iron_pickaxe":250,"minecraft:stone_axe":8,"minecraft:cobblestone":12,"minecraft:oak_sapling":1,"minecraft:furnace":1,"minecraft:cooked_porkchop":9,"minecraft:andesite":16,"minecraft:bucket":14,"tombstone:gift":5,"minecraft:egg":3,"minecraft:cobbled_deepslate":57},"minecraft:killed_by":{"minecraft:skeleton":3},"minecraft:custom":{"minecraft:interact_with_furnace":50,"minecraft:mob_kills":17,"minecraft:interact_with_crafting_table":25,"minecraft:leave_game":2,"minecraft:time_since_death":45001,"minecraft:sleep_in_bed":4,"minecraft:time_since_rest":43253,"minecraft:sprint_one_cm":327983,"tombstone:sneak_grave":1,"minecraft:damage_taken":2974,"minecraft:walk_one_cm":191510,"minecraft:damage_blocked_by_shield":1230,"minecraft:drop":15,"minecraft:damage_dealt":2024,"minecraft:swim_one_cm":16798,"minecraft:fly_one_cm":318156,"minecraft:open_chest":18,"minecraft:crouch_one_cm":3742,"minecraft:play_time":134452,"tombstone:undead_killed":9,"minecraft:deaths":6,"minecraft:sneak_time":2266,"minecraft:walk_under_water_one_cm":17415,"minecraft:jump":1925,"minecraft:walk_on_water_one_cm":7571,"minecraft:total_world_time":134452,"minecraft:fall_one_cm":48855,"minecraft:horse_one_cm":44245},"minecraft:killed":{"minecraft:pig":2,"minecraft:skeleton":2,"minecraft:sheep":1,"minecraft:zombie":5,"minecraft:chicken":3,"minecraft:drowned":1,"minecraft:skeleton_horse":1,"minecraft:cow":1},"minecraft:dropped":{"minecraft:iron_helmet":1,"minecraft:iron_boots":1,"minecraft:leather_helmet":1,"tombstone:grave_key":1,"minecraft:iron_chestplate":1,"minecraft:iron_leggings":1,"tombstone:grave_dust":1,"tombstone:essence_of_undeath":1,"minecraft:raw_gold":5,"minecraft:string":2},"minecraft:crafted":{"minecraft:cooked_beef":6,"minecraft:oak_planks":36,"minecraft:diamond_sword":1,"minecraft:cooked_porkchop":34,"minecraft:crafting_table":1,"minecraft:iron_helmet":1,"minecraft:cooked_chicken":4,"minecraft:iron_sword":1,"minecraft:furnace":1,"minecraft:bucket":1,"minecraft:stone_axe":1,"minecraft:cooked_mutton":1,"minecraft:air":0,"minecraft:diamond_helmet":1,"minecraft:diamond_leggings":1,"minecraft:iron_boots":1,"minecraft:iron_chestplate":1,"minecraft:diamond_pickaxe":1,"minecraft:shield":1,"minecraft:stick":12,"minecraft:iron_ingot":34,"minecraft:iron_pickaxe":1,"minecraft:diamond_boots":1,"minecraft:iron_leggings":1,"minecraft:torch":8,"minecraft:diamond_chestplate":1},"minecraft:picked_up":{"minecraft:crafting_table":1,"minecraft:feather":1,"minecraft:cooked_beef":4,"minecraft:chicken":3,"minecraft:andesite":16,"minecraft:tuff":33,"minecraft:oak_log":9,"minecraft:gunpowder":2,"minecraft:cornflower":1,"minecraft:string":2,"minecraft:dirt":90,"minecraft:bone":2,"minecraft:apple":1,"minecraft:wheat_seeds":1,"minecraft:cobbled_deepslate":346,"minecraft:raw_gold":5,"minecraft:beef":3,"minecraft:egg":1,"minecraft:stick":4,"minecraft:raw_iron":34,"minecraft:torch":5,"minecraft:lava_bucket":1,"minecraft:porkchop":4,"tombstone:grave_dust":2,"minecraft:white_bed":1,"minecraft:redstone":8,"minecraft:stone_sword":1,"minecraft:arrow":2,"minecraft:rotten_flesh":7,"minecraft:diamond":52,"minecraft:golden_hoe":1,"minecraft:iron_helmet":2,"minecraft:golden_apple":1,"minecraft:saddle":1,"tombstone:essence_of_undeath":1,"minecraft:oak_sapling":2,"minecraft:mutton":1,"minecraft:cobblestone":63,"minecraft:white_wool":1,"minecraft:ender_pearl":1},"minecraft:mined":{"minecraft:tuff":34,"minecraft:white_bed":2,"minecraft:deepslate_diamond_ore":51,"minecraft:crafting_table":1,"minecraft:torch":1,"minecraft:grass_block":17,"minecraft:cobblestone":1,"minecraft:wall_torch":2,"minecraft:redstone_ore":2,"minecraft:fire":1,"minecraft:andesite":16,"minecraft:grass":8,"minecraft:oak_log":8,"minecraft:dirt":13,"minecraft:stone":49,"minecraft:oak_leaves":2,"minecraft:deepslate":344},"minecraft:broken":{"minecraft:iron_pickaxe":1}},"DataVersion":3465}