{"stats":{"minecraft:used":{"minecraft:cooked_mutton":1,"minecraft:water_bucket":4,"minecraft:stone_sword":3,"minecraft:oak_planks":8,"minecraft:ender_pearl":1,"minecraft:shield":16,"minecraft:iron_sword":44,"minecraft:cooked_chicken":3,"minecraft:torch":3,"minecraft:golden_apple":1,"minecraft:dirt":48,"minecraft:white_bed":1,"minecraft:cornflower":1,"minecraft:apple":9,"minecraft:lava_bucket":9,"minecraft:iron_pickaxe":1,"minecraft:stone_axe":7,"minecraft:cobblestone":8,"minecraft:oak_sapling":1,"minecraft:furnace":1,"minecraft:cooked_porkchop":6,"minecraft:bucket":14,"tombstone:gift":1,"minecraft:egg":3},"minecraft:killed_by":{"minecraft:skeleton":2},"minecraft:custom":{"minecraft:interact_with_furnace":44,"minecraft:mob_kills":15,"minecraft:interact_with_crafting_table":15,"minecraft:leave_game":2,"minecraft:time_since_death":48266,"minecraft:sleep_in_bed":3,"minecraft:time_since_rest":48035,"minecraft:sprint_one_cm":276228,"minecraft:damage_taken":2364,"minecraft:walk_one_cm":139674,"minecraft:damage_blocked_by_shield":1230,"minecraft:drop":10,"minecraft:damage_dealt":1765,"minecraft:swim_one_cm":13411,"minecraft:fly_one_cm":267301,"minecraft:open_chest":10,"minecraft:crouch_one_cm":1244,"minecraft:play_time":80452,"tombstone:undead_killed":7,"minecraft:deaths":4,"minecraft:sneak_time":575,"minecraft:walk_under_water_one_cm":7136,"minecraft:jump":1473,"minecraft:walk_on_water_one_cm":5085,"minecraft:total_world_time":80452,"minecraft:fall_one_cm":39838,"minecraft:horse_one_cm":44245},"minecraft:killed":{"minecraft:pig":2,"minecraft:skeleton":1,"minecraft:sheep":1,"minecraft:zombie":5,"minecraft:chicken":3,"minecraft:drowned":1,"minecraft:cow":1},"minecraft:dropped":{"minecraft:leather_helmet":1,"tombstone:grave_dust":1,"tombstone:essence_of_undeath":1,"minecraft:raw_gold":5,"minecraft:string":2},"minecraft:crafted":{"minecraft:oak_planks":32,"minecraft:cooked_porkchop":34,"minecraft:iron_helmet":1,"minecraft:cooked_chicken":3,"minecraft:iron_sword":1,"minecraft:furnace":1,"minecraft:bucket":1,"minecraft:stone_axe":1,"minecraft:cooked_mutton":1,"minecraft:air":0,"minecraft:iron_boots":1,"minecraft:iron_chestplate":1,"minecraft:shield":1,"minecraft:iron_ingot":34,"minecraft:iron_pickaxe":1,"minecraft:iron_leggings":1,"minecraft:torch":8},"minecraft:picked_up":{"minecraft:feather":1,"minecraft:chicken":3,"minecraft:oak_log":8,"minecraft:gunpowder":2,"minecraft:cornflower":1,"minecraft:string":2,"minecraft:dirt":69,"minecraft:apple":1,"minecraft:wheat_seeds":1,"minecraft:raw_gold":5,"minecraft:beef":3,"minecraft:egg":1,"minecraft:stick":4,"minecraft:raw_iron":34,"minecraft:torch":2,"minecraft:lava_bucket":1,"minecraft:porkchop":4,"tombstone:grave_dust":2,"minecraft:white_bed":1,"minecraft:stone_sword":1,"minecraft:rotten_flesh":5,"minecraft:diamond":1,"minecraft:golden_hoe":1,"minecraft:golden_apple":1,"minecraft:saddle":1,"tombstone:essence_of_undeath":1,"minecraft:oak_sapling":2,"minecraft:mutton":1,"minecraft:cobblestone":1,"minecraft:white_wool":1,"minecraft:ender_pearl":1},"minecraft:mined":{"minecraft:white_bed":2,"minecraft:torch":1,"minecraft:grass_block":9,"minecraft:cobblestone":1,"minecraft:fire":1,"minecraft:grass":8,"minecraft:oak_log":8,"minecraft:dirt":11,"minecraft:oak_leaves":1}},"DataVersion":3465}