{"stats":{"minecraft:used":{"minecraft:cooked_mutton":1,"minecraft:water_bucket":4,"minecraft:stone_sword":3,"minecraft:oak_planks":8,"minecraft:ender_pearl":1,"minecraft:iron_sword":11,"minecraft:cooked_chicken":1,"minecraft:torch":1,"minecraft:golden_apple":1,"minecraft:dirt":5,"minecraft:white_bed":1,"minecraft:lava_bucket":2,"minecraft:apple":4,"minecraft:stone_axe":7,"minecraft:cobblestone":1,"minecraft:furnace":1,"minecraft:oak_sapling":1,"minecraft:bucket":7,"tombstone:gift":1,"minecraft:egg":3},"minecraft:killed_by":{"minecraft:skeleton":2},"minecraft:custom":{"minecraft:interact_with_furnace":28,"minecraft:mob_kills":6,"minecraft:interact_with_crafting_table":13,"minecraft:leave_game":1,"minecraft:time_since_death":13621,"minecraft:sleep_in_bed":3,"minecraft:time_since_rest":13390,"minecraft:sprint_one_cm":161103,"minecraft:damage_taken":1561,"minecraft:walk_one_cm":75385,"minecraft:drop":9,"minecraft:damage_dealt":515,"minecraft:swim_one_cm":6565,"minecraft:fly_one_cm":132362,"minecraft:open_chest":8,"minecraft:crouch_one_cm":730,"minecraft:play_time":45807,"tombstone:undead_killed":1,"minecraft:deaths":4,"minecraft:sneak_time":307,"minecraft:walk_under_water_one_cm":6662,"minecraft:jump":795,"minecraft:walk_on_water_one_cm":4029,"minecraft:total_world_time":45807,"minecraft:fall_one_cm":23284},"minecraft:killed":{"minecraft:pig":2,"minecraft:sheep":1,"minecraft:zombie":1,"minecraft:chicken":2},"minecraft:dropped":{"minecraft:leather_helmet":1,"tombstone:grave_dust":1,"minecraft:raw_gold":5,"minecraft:string":2},"minecraft:crafted":{"minecraft:oak_planks":32,"minecraft:cooked_porkchop":12,"minecraft:iron_helmet":1,"minecraft:cooked_chicken":3,"minecraft:iron_sword":1,"minecraft:furnace":1,"minecraft:bucket":1,"minecraft:stone_axe":1,"minecraft:cooked_mutton":1,"minecraft:air":0,"minecraft:iron_boots":1,"minecraft:iron_chestplate":1,"minecraft:shield":1,"minecraft:iron_ingot":34,"minecraft:iron_pickaxe":1,"minecraft:iron_leggings":1,"minecraft:torch":8},"minecraft:picked_up":{"minecraft:feather":1,"minecraft:chicken":2,"minecraft:oak_log":8,"minecraft:dirt":8,"minecraft:string":2,"minecraft:raw_gold":5,"minecraft:egg":1,"minecraft:stick":4,"minecraft:raw_iron":34,"minecraft:torch":2,"minecraft:lava_bucket":1,"minecraft:porkchop":4,"minecraft:white_bed":1,"minecraft:stone_sword":1,"minecraft:diamond":1,"minecraft:golden_apple":1,"minecraft:oak_sapling":1,"minecraft:mutton":1,"minecraft:white_wool":1,"minecraft:ender_pearl":1},"minecraft:mined":{"minecraft:white_bed":2,"minecraft:torch":1,"minecraft:grass_block":4,"minecraft:fire":1,"minecraft:grass":2,"minecraft:oak_log":8,"minecraft:dirt":5,"minecraft:oak_leaves":1}},"DataVersion":3465}