{"stats":{"minecraft:used":{"minecraft:stone_sword":542,"minecraft:spruce_planks":5,"minecraft:iron_sword":425,"minecraft:rotten_flesh":24,"minecraft:iron_chestplate":1,"minecraft:torch":36,"minecraft:dirt":100,"minecraft:mutton":13,"minecraft:granite":16,"minecraft:dark_oak_planks":4,"minecraft:iron_helmet":2,"minecraft:iron_boots":1,"minecraft:bow":3,"minecraft:beef":8,"minecraft:written_book":5,"minecraft:sweet_berries":116,"minecraft:furnace":3,"minecraft:oak_sapling":1,"minecraft:egg":1,"minecraft:cooked_beef":1,"minecraft:cobbled_deepslate":4,"minecraft:pumpkin":2,"minecraft:iron_leggings":1,"minecraft:stone_pickaxe":210,"minecraft:oak_planks":4,"minecraft:wooden_pickaxe":21,"minecraft:birch_boat":1,"minecraft:brown_mushroom":1,"minecraft:salmon":5,"minecraft:glow_berries":3,"minecraft:rail":1,"minecraft:crafting_table":4,"minecraft:white_bed":1,"minecraft:cod":1,"minecraft:oak_log":2,"minecraft:chicken":4,"minecraft:brown_wool":1,"minecraft:iron_pickaxe":50,"minecraft:gravel":1,"minecraft:stone_axe":47,"minecraft:wooden_sword":60,"minecraft:cobblestone":75,"minecraft:cooked_porkchop":3,"minecraft:porkchop":31,"minecraft:oak_boat":3,"minecraft:chest_minecart":1,"minecraft:kelp":7},"minecraft:crafted":{"minecraft:wooden_sword":1,"minecraft:oak_planks":20,"minecraft:birch_boat":1,"minecraft:furnace":3,"minecraft:iron_boots":1,"minecraft:stone_pickaxe":2,"minecraft:dark_oak_planks":4,"minecraft:cooked_porkchop":3,"minecraft:crafting_table":3,"minecraft:spruce_planks":64,"minecraft:wooden_pickaxe":1,"minecraft:iron_helmet":1,"minecraft:iron_sword":1,"minecraft:birch_planks":16,"minecraft:stone_axe":1,"minecraft:iron_chestplate":1,"minecraft:stick":52,"minecraft:iron_ingot":48,"minecraft:iron_pickaxe":1,"minecraft:stone_sword":4,"minecraft:iron_leggings":1,"minecraft:torch":28},"minecraft:custom":{"minecraft:mob_kills":96,"minecraft:interact_with_crafting_table":35,"minecraft:leave_game":6,"minecraft:time_since_death":11545,"minecraft:climb_one_cm":296,"minecraft:sprint_one_cm":822248,"minecraft:walk_one_cm":530956,"minecraft:drop":77,"minecraft:play_time":212310,"minecraft:deaths":7,"minecraft:sneak_time":2476,"minecraft:walk_under_water_one_cm":58557,"minecraft:boat_one_cm":882487,"minecraft:jump":2790,"minecraft:walk_on_water_one_cm":33930,"minecraft:total_world_time":212310,"minecraft:interact_with_furnace":35,"minecraft:time_since_rest":11618,"minecraft:damage_taken":4368,"minecraft:damage_dealt":14220,"minecraft:player_kills":2,"minecraft:swim_one_cm":47569,"minecraft:fly_one_cm":293072,"minecraft:open_chest":10,"minecraft:crouch_one_cm":2930,"minecraft:fall_one_cm":58867},"minecraft:dropped":{"minecraft:iron_ingot":14,"minecraft:iron_sword":1,"minecraft:moss_block":1,"minecraft:porkchop":1,"minecraft:wheat_seeds":5,"minecraft:oak_fence":16,"minecraft:cobblestone":9,"minecraft:leather":2,"minecraft:granite":1,"minecraft:stick":2,"minecraft:dirt":3,"minecraft:dark_oak_log":1,"minecraft:wooden_axe":1,"minecraft:brown_wool":1,"minecraft:wooden_sword":1,"minecraft:bone_meal":1,"minecraft:pumpkin":2,"minecraft:flowering_azalea":1,"minecraft:fishing_rod":1,"minecraft:white_wool":9,"minecraft:spruce_sapling":7,"minecraft:stone_axe":2,"minecraft:moss_carpet":4,"minecraft:kelp":2,"minecraft:birch_sapling":2,"minecraft:rotten_flesh":2,"minecraft:name_tag":2,"minecraft:white_bed":2,"minecraft:filled_map":1,"minecraft:gunpowder":1,"minecraft:andesite":1,"minecraft:azalea":3,"minecraft:oak_sapling":1,"minecraft:spider_eye":18,"minecraft:arrow":7,"minecraft:wooden_pickaxe":3,"minecraft:stone_pickaxe":2,"minecraft:written_book":14},"minecraft:picked_up":{"minecraft:wooden_axe":1,"minecraft:fishing_rod":1,"minecraft:crafting_table":6,"minecraft:iron_chestplate":2,"minecraft:chicken":5,"minecraft:chest_minecart":2,"minecraft:brown_mushroom":1,"minecraft:wooden_pickaxe":4,"minecraft:amethyst_block":59,"minecraft:string":120,"minecraft:moss_carpet":4,"minecraft:raw_copper":16,"minecraft:wooden_sword":2,"minecraft:flint_and_steel":3,"minecraft:iron_leggings":3,"minecraft:cobbled_deepslate":8,"minecraft:gold_nugget":8,"minecraft:detector_rail":10,"minecraft:spruce_planks":111,"minecraft:beef":8,"minecraft:oak_boat":3,"minecraft:written_book":24,"minecraft:azalea":4,"minecraft:iron_pickaxe":3,"minecraft:birch_sapling":4,"minecraft:furnace":3,"minecraft:iron_boots":2,"minecraft:egg":1,"minecraft:stick":62,"minecraft:raw_iron":99,"minecraft:oak_fence":16,"minecraft:torch":68,"minecraft:porkchop":37,"minecraft:golden_chestplate":3,"minecraft:dark_oak_planks":3,"minecraft:stone_sword":1,"minecraft:arrow":33,"minecraft:rotten_flesh":26,"minecraft:gold_ingot":12,"minecraft:obsidian":10,"minecraft:glow_berries":3,"minecraft:mutton":13,"minecraft:cod":2,"minecraft:rail":95,"minecraft:white_wool":45,"minecraft:cobblestone":177,"minecraft:birch_log":4,"minecraft:feather":30,"minecraft:cooked_beef":1,"minecraft:salmon":5,"minecraft:andesite":1,"minecraft:leather":4,"minecraft:brown_wool":3,"minecraft:filled_map":2,"minecraft:flint":19,"minecraft:oak_log":7,"minecraft:gunpowder":1,"minecraft:lapis_lazuli":123,"minecraft:dirt":135,"minecraft:name_tag":2,"minecraft:bone":40,"minecraft:kelp":15,"minecraft:bow":3,"minecraft:wheat_seeds":11,"minecraft:raw_gold":4,"minecraft:stone_pickaxe":2,"minecraft:iron_ingot":51,"minecraft:powered_rail":3,"minecraft:moss_block":1,"minecraft:flowering_azalea":1,"minecraft:oak_planks":32,"minecraft:iron_sword":3,"minecraft:pumpkin":5,"minecraft:sweet_berries":116,"minecraft:gravel":2,"minecraft:spruce_sapling":8,"minecraft:white_bed":8,"minecraft:spruce_log":16,"minecraft:dark_oak_log":2,"minecraft:spider_eye":22,"minecraft:diamond":9,"minecraft:stone_axe":1,"minecraft:iron_helmet":1,"minecraft:granite":18,"minecraft:bone_meal":2,"minecraft:oak_sapling":2,"minecraft:coal":52},"minecraft:killed_by":{"minecraft:player":1,"minecraft:drowned":1,"minecraft:zombie":3},"minecraft:killed":{"minecraft:cave_spider":13,"minecraft:spider":8,"minecraft:skeleton":7,"minecraft:chicken":5,"minecraft:drowned":12,"minecraft:pig":14,"minecraft:salmon":6,"minecraft:sheep":10,"minecraft:zombie":17,"minecraft:cow":4},"minecraft:broken":{"minecraft:stone_sword":4,"minecraft:stone_pickaxe":1,"minecraft:wooden_sword":1,"minecraft:iron_sword":3,"minecraft:iron_helmet":1},"minecraft:mined":{"minecraft:diamond_ore":2,"minecraft:white_bed":1,"minecraft:oak_sapling":1,"minecraft:dark_oak_leaves":4,"minecraft:dark_oak_log":1,"minecraft:glow_lichen":2,"minecraft:granite":17,"minecraft:budding_amethyst":1,"minecraft:grass_block":24,"minecraft:brown_wool":1,"minecraft:spruce_leaves":101,"minecraft:kelp":3,"minecraft:large_fern":9,"minecraft:tall_seagrass":2,"minecraft:iron_ore":31,"minecraft:fire":4,"minecraft:andesite":1,"minecraft:pumpkin":2,"minecraft:deepslate_lapis_ore":3,"minecraft:flowering_azalea_leaves":1,"minecraft:deepslate_iron_ore":10,"minecraft:rail":1,"minecraft:azalea_leaves":2,"minecraft:stone":103,"minecraft:podzol":5,"minecraft:brown_mushroom":3,"minecraft:kelp_plant":1,"minecraft:oak_fence":1,"minecraft:crafting_table":2,"minecraft:cobblestone":2,"minecraft:copper_ore":2,"minecraft:tall_grass":1,"minecraft:lapis_ore":5,"minecraft:wall_torch":4,"minecraft:amethyst_block":10,"minecraft:seagrass":6,"minecraft:birch_log":5,"minecraft:sweet_berry_bush":48,"minecraft:spruce_log":17,"minecraft:birch_leaves":21,"minecraft:grass":20,"minecraft:coal_ore":28,"minecraft:oak_log":5,"minecraft:gravel":2,"minecraft:dirt":41,"minecraft:cobweb":23,"minecraft:oak_leaves":15,"minecraft:deepslate":5,"minecraft:fern":18}},"DataVersion":3465}