{"stats":{"minecraft:broken":{"minecraft:iron_shovel":6,"minecraft:stone_pickaxe":2,"minecraft:wooden_sword":1,"minecraft:iron_sword":4,"minecraft:stone_sword":4,"minecraft:wooden_pickaxe":2,"minecraft:iron_pickaxe":4,"minecraft:iron_helmet":1},"minecraft:custom":{"minecraft:interact_with_crafting_table":84,"minecraft:bell_ring":52,"minecraft:leave_game":20,"minecraft:time_since_death":7084,"minecraft:sprint_one_cm":2200421,"minecraft:damage_blocked_by_shield":240,"minecraft:drop":213,"minecraft:talked_to_villager":1,"minecraft:play_time":688475,"minecraft:deaths":31,"minecraft:jump":10773,"minecraft:walk_on_water_one_cm":138208,"minecraft:interact_with_furnace":148,"minecraft:sleep_in_bed":7,"minecraft:damage_dealt":20635,"minecraft:player_kills":2,"minecraft:crouch_one_cm":7801,"tombstone:undead_killed":20,"minecraft:mob_kills":131,"minecraft:climb_one_cm":296,"minecraft:walk_one_cm":1416774,"minecraft:sneak_time":7183,"minecraft:walk_under_water_one_cm":146105,"minecraft:boat_one_cm":1192839,"minecraft:interact_with_blast_furnace":1,"minecraft:total_world_time":688475,"minecraft:interact_with_grindstone":2,"minecraft:time_since_rest":5851,"minecraft:damage_taken":14195,"minecraft:swim_one_cm":160334,"minecraft:fly_one_cm":1575631,"minecraft:open_chest":60,"minecraft:fall_one_cm":266536},"minecraft:killed_by":{"minecraft:creeper":3,"minecraft:drowned":1,"minecraft:cave_spider":2,"minecraft:zombie":4,"minecraft:player":1,"minecraft:spider":3,"minecraft:enderman":1,"minecraft:skeleton":7},"minecraft:killed":{"minecraft:cave_spider":15,"minecraft:spider":12,"minecraft:skeleton":11,"minecraft:chicken":5,"minecraft:pig":20,"minecraft:salmon":6,"minecraft:sheep":11,"minecraft:zombie":33,"minecraft:cow":6,"minecraft:drowned":12},"minecraft:used":{"minecraft:beetroot":17,"minecraft:iron_shovel":1830,"minecraft:chest":2,"minecraft:shield":7,"minecraft:iron_sword":800,"minecraft:rotten_flesh":43,"minecraft:iron_chestplate":2,"minecraft:mutton":15,"minecraft:carrot":12,"minecraft:iron_helmet":3,"minecraft:bow":3,"minecraft:written_book":5,"minecraft:sweet_berries":116,"minecraft:furnace":3,"minecraft:oak_sapling":5,"minecraft:beetroot_seeds":32,"minecraft:egg":5,"minecraft:stone_pickaxe":224,"minecraft:oak_planks":4,"minecraft:wooden_pickaxe":58,"minecraft:white_wool":2,"minecraft:glow_berries":3,"minecraft:bread":24,"minecraft:brown_wool":1,"minecraft:gravel":1,"minecraft:wooden_sword":60,"minecraft:chest_minecart":1,"minecraft:oak_boat":3,"minecraft:stone_sword":542,"minecraft:flint_and_steel":4,"minecraft:tropical_fish":1,"minecraft:spruce_planks":5,"minecraft:torch":78,"minecraft:dirt":327,"minecraft:granite":16,"minecraft:dark_oak_planks":4,"minecraft:iron_axe":28,"minecraft:iron_boots":2,"minecraft:beef":17,"tombstone:gift":5,"minecraft:cooked_beef":12,"minecraft:cobbled_deepslate":4,"minecraft:pumpkin":2,"minecraft:iron_leggings":2,"minecraft:pointed_dripstone":24,"minecraft:cooked_mutton":15,"minecraft:water_bucket":9,"minecraft:birch_planks":1,"minecraft:birch_boat":3,"minecraft:brown_mushroom":1,"minecraft:salmon":5,"minecraft:rail":1,"minecraft:crafting_table":8,"minecraft:white_bed":3,"minecraft:cod":2,"minecraft:oak_log":2,"minecraft:diamond_pickaxe":1,"minecraft:cornflower":11,"minecraft:chicken":4,"minecraft:iron_pickaxe":1389,"tombstone:magic_scroll":3,"minecraft:stone_axe":47,"minecraft:cobblestone":192,"minecraft:cooked_porkchop":7,"minecraft:porkchop":40,"minecraft:bucket":11,"minecraft:kelp":7,"minecraft:dandelion":34},"minecraft:mined":{"minecraft:white_bed":1,"minecraft:oak_sapling":1,"minecraft:granite":19,"minecraft:budding_amethyst":1,"minecraft:grass_block":835,"minecraft:brown_wool":1,"minecraft:oxeye_daisy":2,"minecraft:tall_seagrass":3,"minecraft:iron_ore":71,"minecraft:fire":4,"minecraft:pumpkin":2,"minecraft:deepslate_lapis_ore":3,"minecraft:pointed_dripstone":21,"minecraft:flowering_azalea_leaves":1,"minecraft:dirt_path":1,"minecraft:azalea_leaves":2,"minecraft:brown_mushroom":3,"minecraft:kelp_plant":1,"minecraft:powder_snow":2,"minecraft:clay":2,"minecraft:torch":4,"minecraft:poppy":2,"minecraft:mushroom_stem":2,"minecraft:cobblestone":5,"minecraft:wall_torch":9,"minecraft:amethyst_block":10,"minecraft:seagrass":9,"minecraft:birch_log":26,"minecraft:lilac":2,"minecraft:grass":159,"minecraft:oak_log":9,"minecraft:beetroots":18,"minecraft:sand":34,"minecraft:dirt":1217,"minecraft:red_mushroom_block":11,"minecraft:oak_leaves":79,"minecraft:deepslate":9,"minecraft:diamond_ore":2,"minecraft:dark_oak_leaves":48,"minecraft:deepslate_diamond_ore":9,"minecraft:dark_oak_log":17,"minecraft:glow_lichen":2,"minecraft:spruce_leaves":101,"minecraft:kelp":3,"minecraft:sandstone":6,"minecraft:large_fern":9,"minecraft:carrots":10,"minecraft:andesite":51,"minecraft:deepslate_iron_ore":25,"minecraft:rail":1,"minecraft:stone":1113,"minecraft:white_wool":1,"minecraft:podzol":5,"minecraft:dandelion":10,"minecraft:oak_fence":2,"minecraft:crafting_table":2,"minecraft:cornflower":7,"minecraft:emerald_ore":1,"minecraft:tall_grass":27,"minecraft:copper_ore":2,"minecraft:lapis_ore":6,"minecraft:diorite":6,"minecraft:birch_planks":1,"minecraft:sweet_berry_bush":48,"minecraft:spruce_log":17,"minecraft:birch_leaves":64,"minecraft:coal_ore":139,"minecraft:gravel":23,"minecraft:dripstone_block":11,"minecraft:cobweb":40,"minecraft:fern":18},"minecraft:dropped":{"minecraft:iron_sword":2,"minecraft:moss_block":1,"minecraft:porkchop":1,"minecraft:cooked_beef":4,"minecraft:cooked_porkchop":2,"minecraft:leather":2,"minecraft:dirt":121,"minecraft:dark_oak_log":1,"minecraft:wooden_sword":1,"minecraft:bone_meal":1,"minecraft:fishing_rod":1,"minecraft:white_wool":10,"minecraft:bone":6,"minecraft:stone_axe":2,"minecraft:birch_sapling":2,"minecraft:wheat":3,"minecraft:beetroot":4,"minecraft:rotten_flesh":2,"minecraft:white_bed":2,"minecraft:recovery_compass":1,"minecraft:gunpowder":1,"minecraft:beetroot_seeds":45,"minecraft:azalea":3,"minecraft:arrow":9,"minecraft:glass":66,"minecraft:written_book":15,"minecraft:iron_ingot":20,"minecraft:bread":2,"minecraft:wheat_seeds":8,"minecraft:oak_fence":16,"minecraft:cobblestone":9,"minecraft:granite":1,"minecraft:stick":2,"tombstone:grave_key":1,"minecraft:wooden_axe":1,"minecraft:brown_wool":1,"tombstone:grave_dust":2,"minecraft:pumpkin":2,"minecraft:flowering_azalea":1,"minecraft:string":19,"minecraft:spruce_sapling":7,"minecraft:moss_carpet":4,"minecraft:kelp":2,"minecraft:name_tag":2,"minecraft:filled_map":1,"minecraft:oak_button":1,"minecraft:diamond_pickaxe":1,"minecraft:andesite":10,"minecraft:oak_sapling":1,"minecraft:spider_eye":20,"tombstone:essence_of_undeath":2,"minecraft:stone_pickaxe":2,"minecraft:wooden_pickaxe":3},"minecraft:crafted":{"minecraft:oak_planks":36,"minecraft:birch_boat":3,"minecraft:cooked_chicken":7,"minecraft:cooked_mutton":4,"minecraft:glass":97,"minecraft:diamond_helmet":1,"minecraft:iron_boots":2,"minecraft:chest":2,"minecraft:cooked_porkchop":9,"minecraft:crafting_table":7,"minecraft:spruce_planks":64,"minecraft:wooden_pickaxe":3,"minecraft:iron_helmet":2,"minecraft:birch_planks":76,"minecraft:iron_chestplate":2,"minecraft:diamond_pickaxe":1,"minecraft:shield":1,"minecraft:stick":100,"minecraft:iron_ingot":83,"minecraft:iron_pickaxe":6,"minecraft:stone_sword":4,"minecraft:wooden_sword":1,"minecraft:furnace":3,"minecraft:iron_axe":1,"minecraft:stone_pickaxe":3,"minecraft:dark_oak_planks":36,"minecraft:cooked_beef":15,"minecraft:iron_sword":3,"minecraft:bucket":2,"minecraft:stone_axe":1,"minecraft:iron_shovel":8,"minecraft:iron_leggings":2,"minecraft:white_bed":2,"minecraft:torch":60},"minecraft:picked_up":{"minecraft:wooden_axe":1,"minecraft:iron_chestplate":2,"minecraft:wheat":3,"minecraft:amethyst_block":59,"minecraft:string":137,"minecraft:raw_copper":16,"minecraft:iron_leggings":3,"minecraft:beetroot":21,"minecraft:gold_nugget":8,"minecraft:cobbled_deepslate":9,"minecraft:spruce_planks":111,"minecraft:written_book":26,"minecraft:azalea":4,"minecraft:iron_pickaxe":4,"minecraft:iron_boots":2,"minecraft:furnace":3,"minecraft:stick":89,"minecraft:oak_fence":17,"minecraft:torch":78,"minecraft:porkchop":51,"minecraft:diorite":6,"minecraft:pointed_dripstone":40,"tombstone:grave_dust":7,"minecraft:golden_chestplate":3,"minecraft:stone_sword":1,"minecraft:rotten_flesh":57,"minecraft:tropical_fish":1,"minecraft:obsidian":10,"minecraft:cod":2,"minecraft:cobblestone":1180,"minecraft:birch_log":25,"minecraft:feather":30,"minecraft:cooked_beef":1,"minecraft:andesite":50,"minecraft:brown_wool":3,"minecraft:flint":21,"minecraft:lapis_lazuli":131,"minecraft:dirt":2133,"minecraft:name_tag":2,"minecraft:bone":49,"minecraft:glass":10,"minecraft:bow":3,"minecraft:wheat_seeds":39,"minecraft:raw_gold":4,"minecraft:powered_rail":3,"minecraft:moss_block":1,"minecraft:oak_planks":53,"minecraft:sand":31,"minecraft:dark_oak_log":18,"minecraft:diamond":18,"minecraft:granite":18,"minecraft:bone_meal":2,"minecraft:bread":25,"minecraft:emerald":1,"minecraft:oak_sapling":12,"minecraft:diamond_pickaxe":1,"minecraft:fishing_rod":1,"minecraft:crafting_table":6,"minecraft:chicken":5,"minecraft:clay_ball":8,"minecraft:chest_minecart":2,"minecraft:brown_mushroom":1,"minecraft:wooden_pickaxe":4,"minecraft:cornflower":18,"minecraft:moss_carpet":4,"minecraft:wooden_sword":2,"minecraft:flint_and_steel":3,"minecraft:detector_rail":10,"minecraft:beef":13,"minecraft:oak_boat":3,"minecraft:birch_sapling":5,"minecraft:egg":5,"minecraft:dark_oak_sapling":1,"minecraft:raw_iron":152,"minecraft:sandstone":6,"minecraft:oak_door":1,"minecraft:carrot":11,"minecraft:dark_oak_planks":3,"minecraft:arrow":39,"minecraft:beetroot_seeds":77,"tombstone:essence_of_undeath":2,"minecraft:gold_ingot":12,"minecraft:glow_berries":3,"minecraft:mutton":15,"minecraft:white_wool":49,"minecraft:rail":95,"minecraft:oxeye_daisy":1,"minecraft:glow_ink_sac":5,"minecraft:salmon":5,"minecraft:leather":8,"minecraft:filled_map":2,"minecraft:birch_planks":1,"minecraft:oak_log":11,"minecraft:gunpowder":3,"minecraft:cooked_mutton":11,"minecraft:kelp":15,"minecraft:iron_ingot":75,"minecraft:stone_pickaxe":2,"minecraft:iron_sword":4,"minecraft:flowering_azalea":1,"minecraft:soul_sand":2,"minecraft:birch_boat":1,"minecraft:pumpkin":5,"minecraft:sweet_berries":116,"minecraft:dandelion":39,"minecraft:dripstone_block":9,"minecraft:gravel":17,"minecraft:spruce_sapling":8,"minecraft:white_bed":8,"minecraft:spruce_log":16,"minecraft:spider_eye":24,"minecraft:stone_axe":1,"minecraft:iron_helmet":1,"minecraft:oak_button":1,"tombstone:magic_scroll":1,"minecraft:coal":160}},"DataVersion":3465}