{"stats":{"minecraft:used":{"minecraft:stone_sword":542,"minecraft:flint_and_steel":4,"minecraft:tropical_fish":1,"minecraft:spruce_planks":5,"minecraft:iron_sword":543,"minecraft:rotten_flesh":33,"minecraft:iron_chestplate":2,"minecraft:torch":53,"minecraft:dirt":170,"minecraft:mutton":15,"minecraft:granite":16,"minecraft:dark_oak_planks":4,"minecraft:iron_axe":3,"minecraft:iron_helmet":3,"minecraft:iron_boots":2,"minecraft:beef":17,"minecraft:bow":3,"minecraft:written_book":5,"minecraft:sweet_berries":116,"minecraft:oak_sapling":5,"minecraft:furnace":3,"minecraft:pointed_dripstone":24,"tombstone:gift":2,"minecraft:egg":3,"minecraft:cooked_beef":1,"minecraft:pumpkin":2,"minecraft:cobbled_deepslate":4,"minecraft:iron_leggings":2,"minecraft:cooked_mutton":11,"minecraft:birch_planks":1,"minecraft:stone_pickaxe":223,"minecraft:oak_planks":4,"minecraft:wooden_pickaxe":58,"minecraft:birch_boat":3,"minecraft:brown_mushroom":1,"minecraft:white_wool":2,"minecraft:salmon":5,"minecraft:glow_berries":3,"minecraft:rail":1,"minecraft:crafting_table":7,"minecraft:white_bed":1,"minecraft:cod":2,"minecraft:oak_log":2,"minecraft:cornflower":2,"minecraft:bread":20,"minecraft:chicken":4,"minecraft:iron_pickaxe":392,"minecraft:brown_wool":1,"minecraft:gravel":1,"minecraft:stone_axe":47,"minecraft:wooden_sword":60,"minecraft:cobblestone":172,"minecraft:porkchop":40,"minecraft:cooked_porkchop":3,"minecraft:oak_boat":3,"minecraft:chest_minecart":1,"minecraft:kelp":7,"minecraft:dandelion":3},"minecraft:killed_by":{"minecraft:player":1,"minecraft:spider":3,"minecraft:enderman":1,"minecraft:drowned":1,"minecraft:cave_spider":2,"minecraft:skeleton":5,"minecraft:zombie":4},"minecraft:custom":{"minecraft:mob_kills":112,"minecraft:interact_with_crafting_table":51,"minecraft:bell_ring":26,"minecraft:leave_game":15,"minecraft:time_since_death":58238,"minecraft:climb_one_cm":296,"minecraft:sprint_one_cm":1557021,"minecraft:walk_one_cm":947127,"minecraft:drop":149,"minecraft:talked_to_villager":1,"minecraft:play_time":478765,"minecraft:sneak_time":6292,"minecraft:deaths":24,"minecraft:walk_under_water_one_cm":114074,"minecraft:boat_one_cm":1192839,"minecraft:jump":7585,"minecraft:interact_with_blast_furnace":1,"minecraft:walk_on_water_one_cm":106861,"minecraft:total_world_time":478765,"minecraft:interact_with_furnace":137,"minecraft:interact_with_grindstone":2,"minecraft:sleep_in_bed":5,"minecraft:time_since_rest":21793,"minecraft:damage_taken":10337,"minecraft:damage_dealt":16611,"minecraft:player_kills":2,"minecraft:swim_one_cm":134718,"minecraft:fly_one_cm":1059980,"minecraft:open_chest":21,"minecraft:crouch_one_cm":7386,"tombstone:undead_killed":5,"minecraft:fall_one_cm":190107},"minecraft:killed":{"minecraft:cave_spider":15,"minecraft:spider":8,"minecraft:skeleton":8,"minecraft:chicken":5,"minecraft:drowned":12,"minecraft:pig":20,"minecraft:salmon":6,"minecraft:sheep":11,"minecraft:zombie":21,"minecraft:cow":6},"minecraft:crafted":{"minecraft:wooden_sword":1,"minecraft:oak_planks":24,"minecraft:cooked_chicken":7,"minecraft:birch_boat":3,"minecraft:furnace":3,"minecraft:cooked_mutton":4,"minecraft:glass":97,"minecraft:iron_boots":2,"minecraft:iron_axe":1,"minecraft:stone_pickaxe":2,"minecraft:dark_oak_planks":36,"minecraft:cooked_beef":15,"minecraft:cooked_porkchop":8,"minecraft:crafting_table":6,"minecraft:spruce_planks":64,"minecraft:wooden_pickaxe":3,"minecraft:iron_helmet":2,"minecraft:iron_sword":2,"minecraft:birch_planks":56,"minecraft:stone_axe":1,"minecraft:iron_chestplate":2,"minecraft:stick":68,"minecraft:iron_ingot":78,"minecraft:iron_pickaxe":3,"minecraft:stone_sword":4,"minecraft:iron_leggings":2,"minecraft:torch":52},"minecraft:dropped":{"minecraft:iron_ingot":17,"minecraft:iron_sword":1,"minecraft:moss_block":1,"minecraft:porkchop":1,"minecraft:wheat_seeds":7,"minecraft:oak_fence":16,"minecraft:cobblestone":9,"minecraft:leather":2,"minecraft:granite":1,"minecraft:stick":2,"minecraft:dirt":3,"minecraft:dark_oak_log":1,"tombstone:grave_key":1,"minecraft:wooden_axe":1,"minecraft:brown_wool":1,"minecraft:wooden_sword":1,"minecraft:pumpkin":2,"minecraft:bone_meal":1,"minecraft:flowering_azalea":1,"minecraft:string":18,"minecraft:fishing_rod":1,"minecraft:white_wool":10,"minecraft:spruce_sapling":7,"minecraft:moss_carpet":4,"minecraft:stone_axe":2,"minecraft:kelp":2,"minecraft:birch_sapling":2,"minecraft:rotten_flesh":2,"minecraft:name_tag":2,"minecraft:white_bed":2,"minecraft:recovery_compass":1,"minecraft:filled_map":1,"minecraft:gunpowder":1,"minecraft:andesite":1,"minecraft:azalea":3,"minecraft:oak_sapling":1,"minecraft:spider_eye":18,"minecraft:glass":66,"minecraft:arrow":9,"minecraft:stone_pickaxe":2,"minecraft:wooden_pickaxe":3,"minecraft:written_book":15},"minecraft:picked_up":{"minecraft:wooden_axe":1,"minecraft:fishing_rod":1,"minecraft:crafting_table":6,"minecraft:iron_chestplate":2,"minecraft:chicken":5,"minecraft:clay_ball":8,"minecraft:chest_minecart":2,"minecraft:brown_mushroom":1,"minecraft:wooden_pickaxe":4,"minecraft:amethyst_block":59,"minecraft:cornflower":2,"minecraft:string":136,"minecraft:moss_carpet":4,"minecraft:raw_copper":16,"minecraft:wooden_sword":2,"minecraft:flint_and_steel":3,"minecraft:iron_leggings":3,"minecraft:cobbled_deepslate":8,"minecraft:gold_nugget":8,"minecraft:detector_rail":10,"minecraft:spruce_planks":111,"minecraft:beef":13,"minecraft:oak_boat":3,"minecraft:written_book":26,"minecraft:azalea":4,"minecraft:iron_pickaxe":3,"minecraft:birch_sapling":5,"minecraft:furnace":3,"minecraft:iron_boots":2,"minecraft:egg":3,"minecraft:dark_oak_sapling":1,"minecraft:stick":89,"minecraft:raw_iron":129,"minecraft:sandstone":6,"minecraft:oak_door":1,"minecraft:oak_fence":16,"minecraft:torch":73,"minecraft:porkchop":51,"minecraft:pointed_dripstone":29,"tombstone:grave_dust":1,"minecraft:diorite":6,"minecraft:carrot":1,"minecraft:golden_chestplate":3,"minecraft:dark_oak_planks":3,"minecraft:stone_sword":1,"minecraft:arrow":36,"minecraft:rotten_flesh":40,"minecraft:tropical_fish":1,"minecraft:gold_ingot":12,"minecraft:glow_berries":3,"minecraft:obsidian":10,"minecraft:mutton":15,"minecraft:cod":2,"minecraft:rail":95,"minecraft:white_wool":49,"minecraft:cobblestone":326,"minecraft:birch_log":20,"minecraft:feather":30,"minecraft:cooked_beef":1,"minecraft:glow_ink_sac":5,"minecraft:andesite":36,"minecraft:salmon":5,"minecraft:brown_wool":3,"minecraft:leather":8,"minecraft:birch_planks":1,"minecraft:filled_map":2,"minecraft:flint":21,"minecraft:oak_log":8,"minecraft:gunpowder":3,"minecraft:lapis_lazuli":131,"minecraft:dirt":293,"minecraft:name_tag":2,"minecraft:cooked_mutton":11,"minecraft:glass":10,"minecraft:bone":41,"minecraft:kelp":15,"minecraft:bow":3,"minecraft:wheat_seeds":17,"minecraft:raw_gold":4,"minecraft:iron_ingot":51,"minecraft:stone_pickaxe":2,"minecraft:powered_rail":3,"minecraft:moss_block":1,"minecraft:iron_sword":3,"minecraft:oak_planks":53,"minecraft:flowering_azalea":1,"minecraft:birch_boat":1,"minecraft:pumpkin":5,"minecraft:sweet_berries":116,"minecraft:dripstone_block":9,"minecraft:dandelion":3,"minecraft:gravel":17,"minecraft:sand":31,"minecraft:spruce_sapling":8,"minecraft:white_bed":8,"minecraft:spruce_log":16,"minecraft:dark_oak_log":18,"minecraft:spider_eye":24,"minecraft:diamond":9,"minecraft:stone_axe":1,"minecraft:iron_helmet":1,"minecraft:granite":18,"minecraft:bone_meal":2,"minecraft:emerald":1,"minecraft:bread":25,"minecraft:oak_sapling":12,"minecraft:coal":123},"minecraft:mined":{"minecraft:diamond_ore":2,"minecraft:white_bed":1,"minecraft:oak_sapling":1,"minecraft:dark_oak_leaves":48,"minecraft:dark_oak_log":17,"minecraft:glow_lichen":2,"minecraft:granite":17,"minecraft:budding_amethyst":1,"minecraft:grass_block":96,"minecraft:brown_wool":1,"minecraft:spruce_leaves":101,"minecraft:kelp":3,"minecraft:sandstone":6,"minecraft:large_fern":9,"minecraft:tall_seagrass":3,"minecraft:iron_ore":62,"minecraft:fire":4,"minecraft:andesite":36,"minecraft:pumpkin":2,"minecraft:deepslate_lapis_ore":3,"minecraft:pointed_dripstone":16,"minecraft:flowering_azalea_leaves":1,"minecraft:deepslate_iron_ore":10,"minecraft:rail":1,"minecraft:azalea_leaves":2,"minecraft:stone":260,"minecraft:white_wool":1,"minecraft:podzol":5,"minecraft:brown_mushroom":3,"minecraft:kelp_plant":1,"minecraft:cornflower":3,"minecraft:dandelion":2,"minecraft:powder_snow":2,"minecraft:clay":2,"minecraft:oak_fence":1,"minecraft:crafting_table":2,"minecraft:torch":3,"minecraft:emerald_ore":1,"minecraft:mushroom_stem":2,"minecraft:copper_ore":2,"minecraft:tall_grass":19,"minecraft:cobblestone":4,"minecraft:lapis_ore":6,"minecraft:wall_torch":6,"minecraft:diorite":6,"minecraft:amethyst_block":10,"minecraft:seagrass":9,"minecraft:birch_planks":1,"minecraft:birch_log":20,"minecraft:sweet_berry_bush":48,"minecraft:lilac":2,"minecraft:spruce_log":17,"minecraft:birch_leaves":63,"minecraft:grass":88,"minecraft:oak_log":5,"minecraft:coal_ore":100,"minecraft:dripstone_block":11,"minecraft:gravel":23,"minecraft:dirt":76,"minecraft:sand":34,"minecraft:cobweb":40,"minecraft:red_mushroom_block":11,"minecraft:oak_leaves":65,"minecraft:deepslate":5,"minecraft:fern":18},"minecraft:broken":{"minecraft:stone_sword":4,"minecraft:wooden_pickaxe":2,"minecraft:stone_pickaxe":2,"minecraft:wooden_sword":1,"minecraft:iron_sword":3,"minecraft:iron_helmet":1}},"DataVersion":3465}